1,99,Test problem for class 99 on Sticker 1,108,33,1,2
2,94,Test problem for class 94 on Sticker 2,40,14,3,4
3,918,Test problem for class 918 on Sticker 3,115,128,5,6
4,896,Test problem for class 896 on Sticker 4,5,149,7,8
5,386,Test problem for class 386 on Sticker 5,140,97,9,10
6,825,Test problem for class 825 on Sticker 6,135,65,11,12
7,511,Test problem for class 511 on Sticker 7,53,140,13,14
8,306,Test problem for class 306 on Sticker 8,145,112,15,16
9,902,Test problem for class 902 on Sticker 9,112,81,17,18
10,873,Test problem for class 873 on Sticker 10,146,113,19,20
11,322,Test problem for class 322 on Sticker 11,90,131,21,22
12,163,Test problem for class 163 on Sticker 12,11,118,23,24
13,191,Test problem for class 191 on Sticker 13,126,102,25,26
14,590,Test problem for class 590 on Sticker 14,126,18,27,28
15,928,Test problem for class 928 on Sticker 15,44,46,29,30
16,622,Test problem for class 622 on Sticker 16,59,24,31,32
17,853,Test problem for class 853 on Sticker 17,23,87,33,34
18,889,Test problem for class 889 on Sticker 18,73,51,35,36
19,241,Test problem for class 241 on Sticker 19,28,7,37,38
20,124,Test problem for class 124 on Sticker 20,11,110,39,40
21,95,Test problem for class 95 on Sticker 21,128,84,41,42
22,54,Test problem for class 54 on Sticker 22,44,93,43,44
23,729,Test problem for class 729 on Sticker 23,137,123,45,46
24,51,Test problem for class 51 on Sticker 24,39,45,47,48
25,138,Test problem for class 138 on Sticker 25,76,39,49,50
26,759,Test problem for class 759 on Sticker 26,37,61,51,52
27,560,Test problem for class 560 on Sticker 27,100,96,53,54
28,59,Test problem for class 59 on Sticker 28,89,76,55,56
29,618,Test problem for class 618 on Sticker 29,131,143,57,58
30,325,Test problem for class 325 on Sticker 30,55,92,59,60
31,816,Test problem for class 816 on Sticker 31,116,96,61,62
32,561,Test problem for class 561 on Sticker 32,90,125,63,64
33,759,Test problem for class 759 on Sticker 33,133,113,65,66
34,108,Test problem for class 108 on Sticker 34,42,103,67,68
35,433,Test problem for class 433 on Sticker 35,113,143,69,70
36,263,Test problem for class 263 on Sticker 36,83,90,71,72
37,421,Test problem for class 421 on Sticker 37,95,58,73,74
38,775,Test problem for class 775 on Sticker 38,5,18,75,76
39,437,Test problem for class 437 on Sticker 39,114,146,77,78
40,725,Test problem for class 725 on Sticker 40,18,99,79,80
41,68,Test problem for class 68 on Sticker 41,102,54,81,82
42,113,Test problem for class 113 on Sticker 42,123,30,83,84
43,50,Test problem for class 50 on Sticker 43,150,118,85,86
44,169,Test problem for class 169 on Sticker 44,76,34,87,88
45,79,Test problem for class 79 on Sticker 45,24,36,89,90
46,659,Test problem for class 659 on Sticker 46,118,124,91,92
47,156,Test problem for class 156 on Sticker 47,134,81,93,94
48,723,Test problem for class 723 on Sticker 48,42,26,95,96
49,11,Test problem for class 11 on Sticker 49,125,143,97,98
50,438,Test problem for class 438 on Sticker 50,147,92,99,100
51,256,Test problem for class 256 on Sticker 51,135,86,101,102
52,856,Test problem for class 856 on Sticker 52,66,102,103,104
53,314,Test problem for class 314 on Sticker 53,149,92,105,106
54,151,Test problem for class 151 on Sticker 54,70,46,107,108
55,845,Test problem for class 845 on Sticker 55,50,84,109,110
56,236,Test problem for class 236 on Sticker 56,31,29,111,112
57,683,Test problem for class 683 on Sticker 57,27,71,113,114
58,254,Test problem for class 254 on Sticker 58,49,38,115,116
59,313,Test problem for class 313 on Sticker 59,91,46,117,118
60,17,Test problem for class 17 on Sticker 60,33,54,119,120
61,6,Test problem for class 6 on Sticker 61,101,55,121,122
62,879,Test problem for class 879 on Sticker 62,51,87,123,124
63,667,Test problem for class 667 on Sticker 63,38,77,125,126
64,150,Test problem for class 150 on Sticker 64,79,104,127,128
65,785,Test problem for class 785 on Sticker 65,33,45,129,130
66,284,Test problem for class 284 on Sticker 66,5,9,131,132
67,32,Test problem for class 32 on Sticker 67,127,58,133,134
68,56,Test problem for class 56 on Sticker 68,123,18,135,136
69,873,Test problem for class 873 on Sticker 69,112,108,137,138
70,82,Test problem for class 82 on Sticker 70,14,48,139,140
71,465,Test problem for class 465 on Sticker 71,80,9,141,142
72,738,Test problem for class 738 on Sticker 72,57,46,143,144
73,854,Test problem for class 854 on Sticker 73,42,51,145,146
74,811,Test problem for class 811 on Sticker 74,130,106,147,148
75,323,Test problem for class 323 on Sticker 75,61,80,149,150
76,89,Test problem for class 89 on Sticker 76,75,79,151,152
77,200,Test problem for class 200 on Sticker 77,107,149,153,154
78,474,Test problem for class 474 on Sticker 78,118,82,155,156
79,639,Test problem for class 639 on Sticker 79,77,64,157,158
80,612,Test problem for class 612 on Sticker 80,62,140,159,160
81,210,Test problem for class 210 on Sticker 81,58,30,161,162
82,88,Test problem for class 88 on Sticker 82,150,18,163,164
83,275,Test problem for class 275 on Sticker 83,128,110,165,166
84,190,Test problem for class 190 on Sticker 84,44,103,167,168
85,77,Test problem for class 77 on Sticker 85,48,63,169,170
86,780,Test problem for class 780 on Sticker 86,148,125,171,172
87,637,Test problem for class 637 on Sticker 87,85,141,173,174
88,773,Test problem for class 773 on Sticker 88,78,44,175,176
89,479,Test problem for class 479 on Sticker 89,101,111,177,178
90,775,Test problem for class 775 on Sticker 90,118,45,179,180
91,342,Test problem for class 342 on Sticker 91,109,59,181,182
92,845,Test problem for class 845 on Sticker 92,146,24,183,184
93,104,Test problem for class 104 on Sticker 93,25,93,185,186
94,682,Test problem for class 682 on Sticker 94,138,114,187,188
95,643,Test problem for class 643 on Sticker 95,150,44,189,190
96,386,Test problem for class 386 on Sticker 96,88,83,191,192
97,50,Test problem for class 50 on Sticker 97,103,56,193,194
98,892,Test problem for class 892 on Sticker 98,26,7,195,196
99,801,Test problem for class 801 on Sticker 99,54,43,197,198
100,327,Test problem for class 327 on Sticker 100,8,45,199,200
101,855,Test problem for class 855 on Sticker 101,4,79,201,202
102,344,Test problem for class 344 on Sticker 102,66,1,203,204
103,299,Test problem for class 299 on Sticker 103,63,137,205,206
104,400,Test problem for class 400 on Sticker 104,119,53,207,208
105,522,Test problem for class 522 on Sticker 105,131,48,209,210
106,311,Test problem for class 311 on Sticker 106,107,46,211,212
107,336,Test problem for class 336 on Sticker 107,43,64,213,214
108,27,Test problem for class 27 on Sticker 108,24,50,215,216
109,485,Test problem for class 485 on Sticker 109,26,48,217,218
110,410,Test problem for class 410 on Sticker 110,68,21,219,220
111,521,Test problem for class 521 on Sticker 111,106,132,221,222
112,42,Test problem for class 42 on Sticker 112,107,30,223,224
113,613,Test problem for class 613 on Sticker 113,20,98,225,226
114,32,Test problem for class 32 on Sticker 114,150,108,227,228
115,252,Test problem for class 252 on Sticker 115,70,96,229,230
116,363,Test problem for class 363 on Sticker 116,84,148,231,232
117,826,Test problem for class 826 on Sticker 117,87,103,233,234
118,616,Test problem for class 616 on Sticker 118,62,13,235,236
119,297,Test problem for class 297 on Sticker 119,145,127,237,238
120,361,Test problem for class 361 on Sticker 120,79,63,239,240
121,416,Test problem for class 416 on Sticker 121,111,139,241,242
122,90,Test problem for class 90 on Sticker 122,10,14,243,244
123,458,Test problem for class 458 on Sticker 123,110,149,245,246
124,74,Test problem for class 74 on Sticker 124,68,137,247,248
125,582,Test problem for class 582 on Sticker 125,137,3,249,250
126,288,Test problem for class 288 on Sticker 126,93,21,251,252
127,809,Test problem for class 809 on Sticker 127,21,62,253,254
128,141,Test problem for class 141 on Sticker 128,98,59,255,256
129,558,Test problem for class 558 on Sticker 129,48,2,257,258
130,551,Test problem for class 551 on Sticker 130,146,72,259,260
131,873,Test problem for class 873 on Sticker 131,92,118,261,262
132,502,Test problem for class 502 on Sticker 132,108,93,263,264
133,447,Test problem for class 447 on Sticker 133,139,45,265,266
134,331,Test problem for class 331 on Sticker 134,48,131,267,268
135,400,Test problem for class 400 on Sticker 135,10,77,269,270
136,285,Test problem for class 285 on Sticker 136,135,65,271,272
137,313,Test problem for class 313 on Sticker 137,21,146,273,274
138,238,Test problem for class 238 on Sticker 138,54,139,275,276
139,405,Test problem for class 405 on Sticker 139,6,17,277,278
140,630,Test problem for class 630 on Sticker 140,4,123,279,280
141,254,Test problem for class 254 on Sticker 141,16,119,281,282
142,812,Test problem for class 812 on Sticker 142,16,48,283,284
143,599,Test problem for class 599 on Sticker 143,44,107,285,286
144,318,Test problem for class 318 on Sticker 144,144,61,287,288
145,1,Test problem for class 1 on Sticker 145,60,34,289,290
146,365,Test problem for class 365 on Sticker 146,144,23,291,292
147,264,Test problem for class 264 on Sticker 147,12,14,293,294
148,219,Test problem for class 219 on Sticker 148,53,147,295,296
149,144,Test problem for class 144 on Sticker 149,6,141,297,298
150,137,Test problem for class 137 on Sticker 150,50,39,299,300
151,672,Test problem for class 672 on Sticker 151,93,85,301,302
152,819,Test problem for class 819 on Sticker 152,132,36,303,304
153,853,Test problem for class 853 on Sticker 153,144,82,305,306
154,525,Test problem for class 525 on Sticker 154,30,129,307,308
155,925,Test problem for class 925 on Sticker 155,147,149,309,310
156,899,Test problem for class 899 on Sticker 156,69,110,311,312
157,59,Test problem for class 59 on Sticker 157,106,73,313,314
158,620,Test problem for class 620 on Sticker 158,78,110,315,316
159,332,Test problem for class 332 on Sticker 159,18,111,317,318
160,188,Test problem for class 188 on Sticker 160,75,117,319,320
161,884,Test problem for class 884 on Sticker 161,71,83,321,322
162,695,Test problem for class 695 on Sticker 162,95,59,323,324
163,394,Test problem for class 394 on Sticker 163,22,27,325,326
164,198,Test problem for class 198 on Sticker 164,71,18,327,328
165,46,Test problem for class 46 on Sticker 165,71,8,329,330
166,817,Test problem for class 817 on Sticker 166,37,101,331,332
167,435,Test problem for class 435 on Sticker 167,103,19,333,334
168,551,Test problem for class 551 on Sticker 168,23,43,335,336
169,35,Test problem for class 35 on Sticker 169,19,32,337,338
170,195,Test problem for class 195 on Sticker 170,142,14,339,340
171,682,Test problem for class 682 on Sticker 171,57,107,341,342
172,448,Test problem for class 448 on Sticker 172,64,19,343,344
173,471,Test problem for class 471 on Sticker 173,144,56,345,346
174,690,Test problem for class 690 on Sticker 174,4,8,347,348
175,57,Test problem for class 57 on Sticker 175,29,9,349,350
176,862,Test problem for class 862 on Sticker 176,39,51,351,352
177,872,Test problem for class 872 on Sticker 177,23,56,353,354
178,82,Test problem for class 82 on Sticker 178,146,110,355,356
179,159,Test problem for class 159 on Sticker 179,5,30,357,358
180,73,Test problem for class 73 on Sticker 180,113,50,359,360
181,172,Test problem for class 172 on Sticker 181,135,16,361,362
182,507,Test problem for class 507 on Sticker 182,49,1,363,364
183,211,Test problem for class 211 on Sticker 183,13,83,365,366
184,331,Test problem for class 331 on Sticker 184,89,46,367,368
185,716,Test problem for class 716 on Sticker 185,45,121,369,370
186,32,Test problem for class 32 on Sticker 186,149,72,371,372
187,159,Test problem for class 159 on Sticker 187,139,38,373,374
188,37,Test problem for class 37 on Sticker 188,8,76,375,376
189,715,Test problem for class 715 on Sticker 189,146,77,377,378
190,83,Test problem for class 83 on Sticker 190,72,2,379,380
191,453,Test problem for class 453 on Sticker 191,68,53,381,382
192,827,Test problem for class 827 on Sticker 192,14,43,383,384
193,515,Test problem for class 515 on Sticker 193,127,23,385,386
194,281,Test problem for class 281 on Sticker 194,126,14,387,388
195,285,Test problem for class 285 on Sticker 195,14,19,389,390
196,745,Test problem for class 745 on Sticker 196,119,79,391,392
197,521,Test problem for class 521 on Sticker 197,148,69,393,394
198,674,Test problem for class 674 on Sticker 198,87,104,395,396
199,886,Test problem for class 886 on Sticker 199,115,136,397,398
200,861,Test problem for class 861 on Sticker 200,123,59,399,400
201,238,Test problem for class 238 on Sticker 201,58,81,401,402
202,369,Test problem for class 369 on Sticker 202,49,110,403,404
203,92,Test problem for class 92 on Sticker 203,86,63,405,406
204,529,Test problem for class 529 on Sticker 204,59,120,407,408
205,674,Test problem for class 674 on Sticker 205,22,147,409,410
206,504,Test problem for class 504 on Sticker 206,29,120,411,412
207,913,Test problem for class 913 on Sticker 207,60,5,413,414
208,162,Test problem for class 162 on Sticker 208,68,142,415,416
209,371,Test problem for class 371 on Sticker 209,128,136,417,418
210,357,Test problem for class 357 on Sticker 210,53,72,419,420
211,497,Test problem for class 497 on Sticker 211,4,134,421,422
212,104,Test problem for class 104 on Sticker 212,61,135,423,424
213,194,Test problem for class 194 on Sticker 213,80,138,425,426
214,656,Test problem for class 656 on Sticker 214,81,30,427,428
215,111,Test problem for class 111 on Sticker 215,68,96,429,430
216,813,Test problem for class 813 on Sticker 216,36,63,431,432
217,179,Test problem for class 179 on Sticker 217,107,115,433,434
218,889,Test problem for class 889 on Sticker 218,76,92,435,436
219,718,Test problem for class 718 on Sticker 219,83,149,437,438
220,813,Test problem for class 813 on Sticker 220,140,145,439,440
221,789,Test problem for class 789 on Sticker 221,24,147,441,442
222,80,Test problem for class 80 on Sticker 222,59,92,443,444
223,813,Test problem for class 813 on Sticker 223,148,150,445,446
224,467,Test problem for class 467 on Sticker 224,115,53,447,448
225,185,Test problem for class 185 on Sticker 225,140,135,449,450
226,531,Test problem for class 531 on Sticker 226,69,20,451,452
227,876,Test problem for class 876 on Sticker 227,42,65,453,454
228,35,Test problem for class 35 on Sticker 228,110,129,455,456
229,524,Test problem for class 524 on Sticker 229,135,129,457,458
230,731,Test problem for class 731 on Sticker 230,84,34,459,460
231,103,Test problem for class 103 on Sticker 231,88,51,461,462
232,858,Test problem for class 858 on Sticker 232,39,44,463,464
233,589,Test problem for class 589 on Sticker 233,40,52,465,466
234,556,Test problem for class 556 on Sticker 234,84,18,467,468
235,721,Test problem for class 721 on Sticker 235,136,137,469,470
236,284,Test problem for class 284 on Sticker 236,11,99,471,472
237,12,Test problem for class 12 on Sticker 237,35,13,473,474
238,333,Test problem for class 333 on Sticker 238,141,9,475,476
239,730,Test problem for class 730 on Sticker 239,66,46,477,478
240,278,Test problem for class 278 on Sticker 240,83,137,479,480
241,211,Test problem for class 211 on Sticker 241,66,120,481,482
242,192,Test problem for class 192 on Sticker 242,101,142,483,484
243,794,Test problem for class 794 on Sticker 243,90,82,485,486
244,376,Test problem for class 376 on Sticker 244,27,88,487,488
245,614,Test problem for class 614 on Sticker 245,75,12,489,490
246,315,Test problem for class 315 on Sticker 246,91,5,491,492
247,701,Test problem for class 701 on Sticker 247,24,80,493,494
248,538,Test problem for class 538 on Sticker 248,65,71,495,496
249,642,Test problem for class 642 on Sticker 249,150,113,497,498
250,172,Test problem for class 172 on Sticker 250,134,48,499,500
251,111,Test problem for class 111 on Sticker 251,146,98,501,502
252,680,Test problem for class 680 on Sticker 252,54,118,503,504
253,562,Test problem for class 562 on Sticker 253,96,22,505,506
254,645,Test problem for class 645 on Sticker 254,10,22,507,508
255,905,Test problem for class 905 on Sticker 255,107,86,509,510
256,620,Test problem for class 620 on Sticker 256,113,86,511,512
257,417,Test problem for class 417 on Sticker 257,44,104,513,514
258,731,Test problem for class 731 on Sticker 258,77,25,515,516
259,205,Test problem for class 205 on Sticker 259,98,75,517,518
260,45,Test problem for class 45 on Sticker 260,128,31,519,520
261,110,Test problem for class 110 on Sticker 261,112,101,521,522
262,384,Test problem for class 384 on Sticker 262,60,132,523,524
263,916,Test problem for class 916 on Sticker 263,119,51,525,526
264,292,Test problem for class 292 on Sticker 264,143,82,527,528
265,168,Test problem for class 168 on Sticker 265,136,66,529,530
266,297,Test problem for class 297 on Sticker 266,32,144,531,532
267,761,Test problem for class 761 on Sticker 267,82,126,533,534
268,655,Test problem for class 655 on Sticker 268,93,49,535,536
269,358,Test problem for class 358 on Sticker 269,96,131,537,538
270,402,Test problem for class 402 on Sticker 270,48,149,539,540
271,93,Test problem for class 93 on Sticker 271,46,45,541,542
272,202,Test problem for class 202 on Sticker 272,47,98,543,544
273,189,Test problem for class 189 on Sticker 273,67,149,545,546
274,408,Test problem for class 408 on Sticker 274,144,115,547,548
275,650,Test problem for class 650 on Sticker 275,95,26,549,550
276,509,Test problem for class 509 on Sticker 276,5,113,551,552
277,1,Test problem for class 1 on Sticker 277,33,45,553,554
278,478,Test problem for class 478 on Sticker 278,37,15,555,556
279,365,Test problem for class 365 on Sticker 279,146,106,557,558
280,876,Test problem for class 876 on Sticker 280,98,90,559,560
281,443,Test problem for class 443 on Sticker 281,84,125,561,562
282,441,Test problem for class 441 on Sticker 282,21,94,563,564
283,173,Test problem for class 173 on Sticker 283,85,39,565,566
284,920,Test problem for class 920 on Sticker 284,22,101,567,568
285,179,Test problem for class 179 on Sticker 285,130,134,569,570
286,679,Test problem for class 679 on Sticker 286,139,106,571,572
287,838,Test problem for class 838 on Sticker 287,65,41,573,574
288,416,Test problem for class 416 on Sticker 288,59,135,575,576
289,352,Test problem for class 352 on Sticker 289,93,146,577,578
290,773,Test problem for class 773 on Sticker 290,107,60,579,580
291,740,Test problem for class 740 on Sticker 291,147,39,581,582
292,572,Test problem for class 572 on Sticker 292,101,119,583,584
293,510,Test problem for class 510 on Sticker 293,66,148,585,586
294,703,Test problem for class 703 on Sticker 294,44,10,587,588
295,556,Test problem for class 556 on Sticker 295,38,35,589,590
296,534,Test problem for class 534 on Sticker 296,134,25,591,592
297,17,Test problem for class 17 on Sticker 297,80,22,593,594
298,859,Test problem for class 859 on Sticker 298,27,75,595,596
299,726,Test problem for class 726 on Sticker 299,90,55,597,598
300,880,Test problem for class 880 on Sticker 300,96,78,599,600
301,502,Test problem for class 502 on Sticker 301,97,142,601,602
302,509,Test problem for class 509 on Sticker 302,112,55,603,604
303,672,Test problem for class 672 on Sticker 303,76,106,605,606
304,18,Test problem for class 18 on Sticker 304,44,59,607,608
305,537,Test problem for class 537 on Sticker 305,120,132,609,610
306,932,Test problem for class 932 on Sticker 306,133,141,611,612
307,875,Test problem for class 875 on Sticker 307,57,104,613,614
308,347,Test problem for class 347 on Sticker 308,88,7,615,616
309,162,Test problem for class 162 on Sticker 309,123,6,617,618
310,254,Test problem for class 254 on Sticker 310,135,130,619,620
311,606,Test problem for class 606 on Sticker 311,37,143,621,622
312,691,Test problem for class 691 on Sticker 312,116,108,623,624
313,616,Test problem for class 616 on Sticker 313,121,57,625,626
314,322,Test problem for class 322 on Sticker 314,123,121,627,628
315,405,Test problem for class 405 on Sticker 315,38,37,629,630
316,708,Test problem for class 708 on Sticker 316,115,20,631,632
317,99,Test problem for class 99 on Sticker 317,4,118,633,634
318,647,Test problem for class 647 on Sticker 318,65,84,635,636
319,564,Test problem for class 564 on Sticker 319,131,95,637,638
320,343,Test problem for class 343 on Sticker 320,67,144,639,640
321,428,Test problem for class 428 on Sticker 321,14,130,641,642
322,374,Test problem for class 374 on Sticker 322,1,108,643,644
323,914,Test problem for class 914 on Sticker 323,97,1,645,646
324,596,Test problem for class 596 on Sticker 324,4,42,647,648
325,856,Test problem for class 856 on Sticker 325,39,79,649,650
326,527,Test problem for class 527 on Sticker 326,93,83,651,652
327,296,Test problem for class 296 on Sticker 327,121,131,653,654
328,17,Test problem for class 17 on Sticker 328,24,58,655,656
329,646,Test problem for class 646 on Sticker 329,107,87,657,658
330,900,Test problem for class 900 on Sticker 330,130,96,659,660
331,319,Test problem for class 319 on Sticker 331,25,92,661,662
332,186,Test problem for class 186 on Sticker 332,85,94,663,664
333,731,Test problem for class 731 on Sticker 333,68,25,665,666
334,165,Test problem for class 165 on Sticker 334,116,69,667,668
335,447,Test problem for class 447 on Sticker 335,97,96,669,670
336,191,Test problem for class 191 on Sticker 336,103,16,671,672
337,654,Test problem for class 654 on Sticker 337,148,30,673,674
338,144,Test problem for class 144 on Sticker 338,30,64,675,676
339,424,Test problem for class 424 on Sticker 339,81,21,677,678
340,223,Test problem for class 223 on Sticker 340,83,59,679,680
341,184,Test problem for class 184 on Sticker 341,61,89,681,682
342,651,Test problem for class 651 on Sticker 342,79,89,683,684
343,483,Test problem for class 483 on Sticker 343,70,25,685,686
344,747,Test problem for class 747 on Sticker 344,39,98,687,688
345,917,Test problem for class 917 on Sticker 345,52,25,689,690
346,878,Test problem for class 878 on Sticker 346,76,133,691,692
347,611,Test problem for class 611 on Sticker 347,44,34,693,694
348,275,Test problem for class 275 on Sticker 348,59,27,695,696
349,585,Test problem for class 585 on Sticker 349,91,14,697,698
350,926,Test problem for class 926 on Sticker 350,57,14,699,700
351,920,Test problem for class 920 on Sticker 351,136,99,701,702
352,797,Test problem for class 797 on Sticker 352,37,46,703,704
353,180,Test problem for class 180 on Sticker 353,97,18,705,706
354,212,Test problem for class 212 on Sticker 354,37,46,707,708
355,381,Test problem for class 381 on Sticker 355,12,105,709,710
356,354,Test problem for class 354 on Sticker 356,39,138,711,712
357,527,Test problem for class 527 on Sticker 357,63,50,713,714
358,703,Test problem for class 703 on Sticker 358,95,110,715,716
359,50,Test problem for class 50 on Sticker 359,14,5,717,718
360,921,Test problem for class 921 on Sticker 360,74,95,719,720
361,701,Test problem for class 701 on Sticker 361,11,5,721,722
362,848,Test problem for class 848 on Sticker 362,31,103,723,724
363,559,Test problem for class 559 on Sticker 363,49,39,725,726
364,725,Test problem for class 725 on Sticker 364,47,59,727,728
365,556,Test problem for class 556 on Sticker 365,77,11,729,730
366,300,Test problem for class 300 on Sticker 366,7,55,731,732
367,832,Test problem for class 832 on Sticker 367,95,10,733,734
368,460,Test problem for class 460 on Sticker 368,58,100,735,736
369,511,Test problem for class 511 on Sticker 369,143,150,737,738
370,679,Test problem for class 679 on Sticker 370,125,115,739,740
371,629,Test problem for class 629 on Sticker 371,15,9,741,742
372,223,Test problem for class 223 on Sticker 372,1,18,743,744
373,805,Test problem for class 805 on Sticker 373,126,40,745,746
374,906,Test problem for class 906 on Sticker 374,40,34,747,748
375,367,Test problem for class 367 on Sticker 375,98,1,749,750
376,604,Test problem for class 604 on Sticker 376,78,12,751,752
377,458,Test problem for class 458 on Sticker 377,43,14,753,754
378,743,Test problem for class 743 on Sticker 378,86,127,755,756
379,458,Test problem for class 458 on Sticker 379,40,127,757,758
380,661,Test problem for class 661 on Sticker 380,103,7,759,760
381,433,Test problem for class 433 on Sticker 381,92,95,761,762
382,24,Test problem for class 24 on Sticker 382,14,70,763,764
383,676,Test problem for class 676 on Sticker 383,139,113,765,766
384,543,Test problem for class 543 on Sticker 384,113,96,767,768
385,371,Test problem for class 371 on Sticker 385,63,91,769,770
386,120,Test problem for class 120 on Sticker 386,121,96,771,772
387,899,Test problem for class 899 on Sticker 387,72,66,773,774
388,824,Test problem for class 824 on Sticker 388,98,58,775,776
389,657,Test problem for class 657 on Sticker 389,17,109,777,778
390,531,Test problem for class 531 on Sticker 390,78,22,779,780
391,896,Test problem for class 896 on Sticker 391,8,28,781,782
392,42,Test problem for class 42 on Sticker 392,1,59,783,784
393,208,Test problem for class 208 on Sticker 393,69,149,785,786
394,233,Test problem for class 233 on Sticker 394,73,143,787,788
395,871,Test problem for class 871 on Sticker 395,55,60,789,790
396,269,Test problem for class 269 on Sticker 396,105,114,791,792
397,571,Test problem for class 571 on Sticker 397,99,120,793,794
398,852,Test problem for class 852 on Sticker 398,44,54,795,796
399,821,Test problem for class 821 on Sticker 399,39,113,797,798
400,233,Test problem for class 233 on Sticker 400,18,148,799,800
401,82,Test problem for class 82 on Sticker 401,86,15,801,802
402,557,Test problem for class 557 on Sticker 402,98,61,803,804
403,324,Test problem for class 324 on Sticker 403,37,49,805,806
404,527,Test problem for class 527 on Sticker 404,99,8,807,808
405,895,Test problem for class 895 on Sticker 405,19,49,809,810
406,631,Test problem for class 631 on Sticker 406,92,64,811,812
407,157,Test problem for class 157 on Sticker 407,108,108,813,814
408,40,Test problem for class 40 on Sticker 408,85,91,815,816
409,243,Test problem for class 243 on Sticker 409,133,19,817,818
410,592,Test problem for class 592 on Sticker 410,141,94,819,820
411,550,Test problem for class 550 on Sticker 411,11,101,821,822
412,898,Test problem for class 898 on Sticker 412,37,99,823,824
413,918,Test problem for class 918 on Sticker 413,35,72,825,826
414,589,Test problem for class 589 on Sticker 414,80,26,827,828
415,1,Test problem for class 1 on Sticker 415,9,108,829,830
416,68,Test problem for class 68 on Sticker 416,150,88,831,832
417,689,Test problem for class 689 on Sticker 417,149,16,833,834
418,95,Test problem for class 95 on Sticker 418,8,86,835,836
419,744,Test problem for class 744 on Sticker 419,137,26,837,838
420,29,Test problem for class 29 on Sticker 420,62,75,839,840
421,99,Test problem for class 99 on Sticker 421,116,138,841,842
422,495,Test problem for class 495 on Sticker 422,53,28,843,844
423,898,Test problem for class 898 on Sticker 423,99,72,845,846
424,927,Test problem for class 927 on Sticker 424,19,126,847,848
425,546,Test problem for class 546 on Sticker 425,144,147,849,850
426,86,Test problem for class 86 on Sticker 426,134,47,851,852
427,619,Test problem for class 619 on Sticker 427,76,85,853,854
428,905,Test problem for class 905 on Sticker 428,12,60,855,856
429,703,Test problem for class 703 on Sticker 429,130,10,857,858
430,129,Test problem for class 129 on Sticker 430,65,131,859,860
431,845,Test problem for class 845 on Sticker 431,86,133,861,862
432,141,Test problem for class 141 on Sticker 432,119,100,863,864
433,599,Test problem for class 599 on Sticker 433,6,82,865,866
434,431,Test problem for class 431 on Sticker 434,14,140,867,868
435,855,Test problem for class 855 on Sticker 435,110,74,869,870
436,674,Test problem for class 674 on Sticker 436,135,101,871,872
437,616,Test problem for class 616 on Sticker 437,3,15,873,874
438,87,Test problem for class 87 on Sticker 438,93,25,875,876
439,165,Test problem for class 165 on Sticker 439,63,76,877,878
440,669,Test problem for class 669 on Sticker 440,48,24,879,880
441,43,Test problem for class 43 on Sticker 441,76,91,881,882
442,164,Test problem for class 164 on Sticker 442,12,114,883,884
443,240,Test problem for class 240 on Sticker 443,19,136,885,886
444,584,Test problem for class 584 on Sticker 444,142,114,887,888
445,790,Test problem for class 790 on Sticker 445,140,64,889,890
446,467,Test problem for class 467 on Sticker 446,35,51,891,892
447,377,Test problem for class 377 on Sticker 447,112,90,893,894
448,145,Test problem for class 145 on Sticker 448,63,15,895,896
449,12,Test problem for class 12 on Sticker 449,129,95,897,898
450,53,Test problem for class 53 on Sticker 450,77,43,899,900
451,724,Test problem for class 724 on Sticker 451,84,142,901,902
452,110,Test problem for class 110 on Sticker 452,12,31,903,904
453,886,Test problem for class 886 on Sticker 453,112,71,905,906
454,483,Test problem for class 483 on Sticker 454,79,27,907,908
455,195,Test problem for class 195 on Sticker 455,127,137,909,910
456,921,Test problem for class 921 on Sticker 456,46,38,911,912
457,922,Test problem for class 922 on Sticker 457,142,109,913,914
458,789,Test problem for class 789 on Sticker 458,120,98,915,916
459,71,Test problem for class 71 on Sticker 459,33,22,917,918
460,253,Test problem for class 253 on Sticker 460,59,36,919,920
461,495,Test problem for class 495 on Sticker 461,51,106,921,922
462,870,Test problem for class 870 on Sticker 462,98,39,923,924
463,762,Test problem for class 762 on Sticker 463,125,64,925,926
464,8,Test problem for class 8 on Sticker 464,3,61,927,928
465,673,Test problem for class 673 on Sticker 465,132,97,929,930
466,929,Test problem for class 929 on Sticker 466,105,75,931,932
467,558,Test problem for class 558 on Sticker 467,10,149,933,934
468,611,Test problem for class 611 on Sticker 468,36,74,935,936
469,184,Test problem for class 184 on Sticker 469,81,124,937,938
470,229,Test problem for class 229 on Sticker 470,119,27,939,940
471,235,Test problem for class 235 on Sticker 471,149,34,941,942
472,608,Test problem for class 608 on Sticker 472,105,95,943,944
473,219,Test problem for class 219 on Sticker 473,23,22,945,946
474,704,Test problem for class 704 on Sticker 474,126,112,947,948
475,717,Test problem for class 717 on Sticker 475,80,52,949,950
476,170,Test problem for class 170 on Sticker 476,9,46,951,952
477,192,Test problem for class 192 on Sticker 477,78,81,953,954
478,570,Test problem for class 570 on Sticker 478,126,122,955,956
479,896,Test problem for class 896 on Sticker 479,92,85,957,958
480,44,Test problem for class 44 on Sticker 480,60,127,959,960
481,379,Test problem for class 379 on Sticker 481,7,101,961,962
482,675,Test problem for class 675 on Sticker 482,97,98,963,964
483,556,Test problem for class 556 on Sticker 483,59,39,965,966
484,668,Test problem for class 668 on Sticker 484,93,90,967,968
485,854,Test problem for class 854 on Sticker 485,4,68,969,970
486,150,Test problem for class 150 on Sticker 486,145,45,971,972
487,733,Test problem for class 733 on Sticker 487,32,86,973,974
488,151,Test problem for class 151 on Sticker 488,128,55,975,976
489,903,Test problem for class 903 on Sticker 489,29,77,977,978
490,530,Test problem for class 530 on Sticker 490,53,106,979,980
491,405,Test problem for class 405 on Sticker 491,120,71,981,982
492,355,Test problem for class 355 on Sticker 492,90,146,983,984
493,708,Test problem for class 708 on Sticker 493,52,43,985,986
494,359,Test problem for class 359 on Sticker 494,124,125,987,988
495,809,Test problem for class 809 on Sticker 495,38,128,989,990
496,677,Test problem for class 677 on Sticker 496,78,53,991,992
497,757,Test problem for class 757 on Sticker 497,40,9,993,994
498,921,Test problem for class 921 on Sticker 498,112,124,995,996
499,530,Test problem for class 530 on Sticker 499,132,5,997,998
500,579,Test problem for class 579 on Sticker 500,137,7,999,1000
501,694,Test problem for class 694 on Sticker 501,78,75,1001,1002
502,174,Test problem for class 174 on Sticker 502,143,145,1003,1004
503,809,Test problem for class 809 on Sticker 503,37,73,1005,1006
504,463,Test problem for class 463 on Sticker 504,44,61,1007,1008
505,599,Test problem for class 599 on Sticker 505,1,66,1009,1010
506,923,Test problem for class 923 on Sticker 506,33,111,1011,1012
507,763,Test problem for class 763 on Sticker 507,71,101,1013,1014
508,276,Test problem for class 276 on Sticker 508,116,71,1015,1016
509,32,Test problem for class 32 on Sticker 509,117,16,1017,1018
510,305,Test problem for class 305 on Sticker 510,60,145,1019,1020
511,312,Test problem for class 312 on Sticker 511,76,147,1021,1022
512,693,Test problem for class 693 on Sticker 512,12,85,1023,1024
513,907,Test problem for class 907 on Sticker 513,33,87,1025,1026
514,373,Test problem for class 373 on Sticker 514,86,123,1027,1028
515,679,Test problem for class 679 on Sticker 515,123,24,1029,1030
516,807,Test problem for class 807 on Sticker 516,135,52,1031,1032
517,552,Test problem for class 552 on Sticker 517,38,68,1033,1034
518,295,Test problem for class 295 on Sticker 518,74,63,1035,1036
519,202,Test problem for class 202 on Sticker 519,31,144,1037,1038
520,763,Test problem for class 763 on Sticker 520,30,119,1039,1040
521,706,Test problem for class 706 on Sticker 521,88,64,1041,1042
522,482,Test problem for class 482 on Sticker 522,52,19,1043,1044
523,790,Test problem for class 790 on Sticker 523,111,7,1045,1046
524,674,Test problem for class 674 on Sticker 524,115,123,1047,1048
525,851,Test problem for class 851 on Sticker 525,24,52,1049,1050
526,489,Test problem for class 489 on Sticker 526,130,82,1051,1052
527,622,Test problem for class 622 on Sticker 527,16,111,1053,1054
528,11,Test problem for class 11 on Sticker 528,125,105,1055,1056
529,906,Test problem for class 906 on Sticker 529,55,84,1057,1058
530,448,Test problem for class 448 on Sticker 530,24,30,1059,1060
531,49,Test problem for class 49 on Sticker 531,58,83,1061,1062
532,562,Test problem for class 562 on Sticker 532,36,100,1063,1064
533,611,Test problem for class 611 on Sticker 533,121,78,1065,1066
534,692,Test problem for class 692 on Sticker 534,150,81,1067,1068
535,836,Test problem for class 836 on Sticker 535,10,143,1069,1070
536,514,Test problem for class 514 on Sticker 536,90,28,1071,1072
537,341,Test problem for class 341 on Sticker 537,100,146,1073,1074
538,265,Test problem for class 265 on Sticker 538,84,46,1075,1076
539,720,Test problem for class 720 on Sticker 539,25,40,1077,1078
540,156,Test problem for class 156 on Sticker 540,127,41,1079,1080
541,451,Test problem for class 451 on Sticker 541,94,65,1081,1082
542,920,Test problem for class 920 on Sticker 542,66,129,1083,1084
543,4,Test problem for class 4 on Sticker 543,9,126,1085,1086
544,923,Test problem for class 923 on Sticker 544,125,64,1087,1088
545,172,Test problem for class 172 on Sticker 545,104,20,1089,1090
546,681,Test problem for class 681 on Sticker 546,121,68,1091,1092
547,658,Test problem for class 658 on Sticker 547,49,103,1093,1094
548,694,Test problem for class 694 on Sticker 548,36,66,1095,1096
549,792,Test problem for class 792 on Sticker 549,105,11,1097,1098
550,668,Test problem for class 668 on Sticker 550,50,99,1099,1100
551,313,Test problem for class 313 on Sticker 551,64,78,1101,1102
552,739,Test problem for class 739 on Sticker 552,75,10,1103,1104
553,168,Test problem for class 168 on Sticker 553,148,11,1105,1106
554,633,Test problem for class 633 on Sticker 554,57,31,1107,1108
555,705,Test problem for class 705 on Sticker 555,60,144,1109,1110
556,453,Test problem for class 453 on Sticker 556,93,41,1111,1112
557,372,Test problem for class 372 on Sticker 557,23,144,1113,1114
558,266,Test problem for class 266 on Sticker 558,122,83,1115,1116
559,233,Test problem for class 233 on Sticker 559,26,25,1117,1118
560,805,Test problem for class 805 on Sticker 560,95,131,1119,1120
561,319,Test problem for class 319 on Sticker 561,19,62,1121,1122
562,876,Test problem for class 876 on Sticker 562,70,45,1123,1124
563,161,Test problem for class 161 on Sticker 563,35,13,1125,1126
564,29,Test problem for class 29 on Sticker 564,5,30,1127,1128
565,809,Test problem for class 809 on Sticker 565,124,88,1129,1130
566,545,Test problem for class 545 on Sticker 566,36,59,1131,1132
567,801,Test problem for class 801 on Sticker 567,113,38,1133,1134
568,255,Test problem for class 255 on Sticker 568,112,110,1135,1136
569,770,Test problem for class 770 on Sticker 569,78,142,1137,1138
570,21,Test problem for class 21 on Sticker 570,14,66,1139,1140
571,779,Test problem for class 779 on Sticker 571,65,56,1141,1142
572,485,Test problem for class 485 on Sticker 572,82,108,1143,1144
573,658,Test problem for class 658 on Sticker 573,11,65,1145,1146
574,396,Test problem for class 396 on Sticker 574,147,123,1147,1148
575,270,Test problem for class 270 on Sticker 575,46,72,1149,1150
576,326,Test problem for class 326 on Sticker 576,132,74,1151,1152
577,463,Test problem for class 463 on Sticker 577,120,48,1153,1154
578,397,Test problem for class 397 on Sticker 578,57,119,1155,1156
579,683,Test problem for class 683 on Sticker 579,4,77,1157,1158
580,704,Test problem for class 704 on Sticker 580,13,150,1159,1160
581,42,Test problem for class 42 on Sticker 581,41,138,1161,1162
582,497,Test problem for class 497 on Sticker 582,144,95,1163,1164
583,601,Test problem for class 601 on Sticker 583,8,63,1165,1166
584,848,Test problem for class 848 on Sticker 584,114,135,1167,1168
585,44,Test problem for class 44 on Sticker 585,28,60,1169,1170
586,247,Test problem for class 247 on Sticker 586,119,49,1171,1172
587,246,Test problem for class 246 on Sticker 587,132,11,1173,1174
588,210,Test problem for class 210 on Sticker 588,132,71,1175,1176
589,435,Test problem for class 435 on Sticker 589,113,11,1177,1178
590,638,Test problem for class 638 on Sticker 590,92,43,1179,1180
591,932,Test problem for class 932 on Sticker 591,29,133,1181,1182
592,801,Test problem for class 801 on Sticker 592,131,14,1183,1184
593,690,Test problem for class 690 on Sticker 593,96,142,1185,1186
594,716,Test problem for class 716 on Sticker 594,147,13,1187,1188
595,30,Test problem for class 30 on Sticker 595,44,61,1189,1190
596,278,Test problem for class 278 on Sticker 596,18,72,1191,1192
597,611,Test problem for class 611 on Sticker 597,77,38,1193,1194
598,71,Test problem for class 71 on Sticker 598,150,134,1195,1196
599,329,Test problem for class 329 on Sticker 599,119,17,1197,1198
600,777,Test problem for class 777 on Sticker 600,122,49,1199,1200
601,658,Test problem for class 658 on Sticker 601,80,1,1201,1202
602,665,Test problem for class 665 on Sticker 602,118,9,1203,1204
603,690,Test problem for class 690 on Sticker 603,60,45,1205,1206
604,212,Test problem for class 212 on Sticker 604,58,60,1207,1208
605,720,Test problem for class 720 on Sticker 605,14,100,1209,1210
606,225,Test problem for class 225 on Sticker 606,27,103,1211,1212
607,456,Test problem for class 456 on Sticker 607,120,118,1213,1214
608,118,Test problem for class 118 on Sticker 608,77,5,1215,1216
609,270,Test problem for class 270 on Sticker 609,142,74,1217,1218
610,892,Test problem for class 892 on Sticker 610,74,85,1219,1220
611,421,Test problem for class 421 on Sticker 611,62,85,1221,1222
612,576,Test problem for class 576 on Sticker 612,130,122,1223,1224
613,502,Test problem for class 502 on Sticker 613,16,118,1225,1226
614,879,Test problem for class 879 on Sticker 614,92,119,1227,1228
615,668,Test problem for class 668 on Sticker 615,53,146,1229,1230
616,776,Test problem for class 776 on Sticker 616,90,131,1231,1232
617,700,Test problem for class 700 on Sticker 617,92,12,1233,1234
618,73,Test problem for class 73 on Sticker 618,36,39,1235,1236
619,243,Test problem for class 243 on Sticker 619,106,47,1237,1238
620,172,Test problem for class 172 on Sticker 620,24,6,1239,1240
621,323,Test problem for class 323 on Sticker 621,106,19,1241,1242
622,95,Test problem for class 95 on Sticker 622,67,11,1243,1244
623,17,Test problem for class 17 on Sticker 623,150,145,1245,1246
624,868,Test problem for class 868 on Sticker 624,4,127,1247,1248
625,659,Test problem for class 659 on Sticker 625,54,118,1249,1250
626,13,Test problem for class 13 on Sticker 626,6,63,1251,1252
627,633,Test problem for class 633 on Sticker 627,85,32,1253,1254
628,44,Test problem for class 44 on Sticker 628,73,71,1255,1256
629,595,Test problem for class 595 on Sticker 629,26,89,1257,1258
630,247,Test problem for class 247 on Sticker 630,111,20,1259,1260
631,149,Test problem for class 149 on Sticker 631,47,12,1261,1262
632,925,Test problem for class 925 on Sticker 632,139,26,1263,1264
633,59,Test problem for class 59 on Sticker 633,4,46,1265,1266
634,425,Test problem for class 425 on Sticker 634,119,80,1267,1268
635,417,Test problem for class 417 on Sticker 635,83,78,1269,1270
636,500,Test problem for class 500 on Sticker 636,115,68,1271,1272
637,259,Test problem for class 259 on Sticker 637,136,149,1273,1274
638,345,Test problem for class 345 on Sticker 638,73,91,1275,1276
639,118,Test problem for class 118 on Sticker 639,47,91,1277,1278
640,572,Test problem for class 572 on Sticker 640,130,93,1279,1280
641,445,Test problem for class 445 on Sticker 641,31,24,1281,1282
642,567,Test problem for class 567 on Sticker 642,119,78,1283,1284
643,215,Test problem for class 215 on Sticker 643,71,104,1285,1286
644,147,Test problem for class 147 on Sticker 644,6,53,1287,1288
645,906,Test problem for class 906 on Sticker 645,28,121,1289,1290
646,129,Test problem for class 129 on Sticker 646,143,119,1291,1292
647,626,Test problem for class 626 on Sticker 647,22,18,1293,1294
648,69,Test problem for class 69 on Sticker 648,113,96,1295,1296
649,539,Test problem for class 539 on Sticker 649,146,64,1297,1298
650,612,Test problem for class 612 on Sticker 650,93,30,1299,1300
651,537,Test problem for class 537 on Sticker 651,78,25,1301,1302
652,275,Test problem for class 275 on Sticker 652,61,58,1303,1304
653,612,Test problem for class 612 on Sticker 653,1,43,1305,1306
654,79,Test problem for class 79 on Sticker 654,54,34,1307,1308
655,379,Test problem for class 379 on Sticker 655,61,112,1309,1310
656,933,Test problem for class 933 on Sticker 656,115,36,1311,1312
657,485,Test problem for class 485 on Sticker 657,114,57,1313,1314
658,144,Test problem for class 144 on Sticker 658,148,61,1315,1316
659,627,Test problem for class 627 on Sticker 659,56,36,1317,1318
660,534,Test problem for class 534 on Sticker 660,103,7,1319,1320
661,280,Test problem for class 280 on Sticker 661,59,119,1321,1322
662,163,Test problem for class 163 on Sticker 662,116,95,1323,1324
663,498,Test problem for class 498 on Sticker 663,25,89,1325,1326
664,842,Test problem for class 842 on Sticker 664,94,35,1327,1328
665,95,Test problem for class 95 on Sticker 665,143,121,1329,1330
666,34,Test problem for class 34 on Sticker 666,25,55,1331,1332
667,293,Test problem for class 293 on Sticker 667,108,26,1333,1334
668,119,Test problem for class 119 on Sticker 668,145,34,1335,1336
669,355,Test problem for class 355 on Sticker 669,54,112,1337,1338
670,475,Test problem for class 475 on Sticker 670,118,21,1339,1340
671,883,Test problem for class 883 on Sticker 671,69,135,1341,1342
672,324,Test problem for class 324 on Sticker 672,89,12,1343,1344
673,9,Test problem for class 9 on Sticker 673,62,54,1345,1346
674,762,Test problem for class 762 on Sticker 674,149,104,1347,1348
675,874,Test problem for class 874 on Sticker 675,61,142,1349,1350
676,698,Test problem for class 698 on Sticker 676,32,65,1351,1352
677,238,Test problem for class 238 on Sticker 677,5,102,1353,1354
678,798,Test problem for class 798 on Sticker 678,123,68,1355,1356
679,504,Test problem for class 504 on Sticker 679,134,97,1357,1358
680,903,Test problem for class 903 on Sticker 680,150,85,1359,1360
681,483,Test problem for class 483 on Sticker 681,15,5,1361,1362
682,506,Test problem for class 506 on Sticker 682,78,122,1363,1364
683,130,Test problem for class 130 on Sticker 683,24,81,1365,1366
684,915,Test problem for class 915 on Sticker 684,111,67,1367,1368
685,932,Test problem for class 932 on Sticker 685,82,87,1369,1370
686,47,Test problem for class 47 on Sticker 686,115,59,1371,1372
687,700,Test problem for class 700 on Sticker 687,98,119,1373,1374
688,150,Test problem for class 150 on Sticker 688,150,85,1375,1376
689,314,Test problem for class 314 on Sticker 689,1,104,1377,1378
690,358,Test problem for class 358 on Sticker 690,53,20,1379,1380
691,217,Test problem for class 217 on Sticker 691,83,137,1381,1382
692,909,Test problem for class 909 on Sticker 692,78,87,1383,1384
693,727,Test problem for class 727 on Sticker 693,20,117,1385,1386
694,459,Test problem for class 459 on Sticker 694,56,52,1387,1388
695,917,Test problem for class 917 on Sticker 695,26,144,1389,1390
696,928,Test problem for class 928 on Sticker 696,129,78,1391,1392
697,651,Test problem for class 651 on Sticker 697,95,48,1393,1394
698,186,Test problem for class 186 on Sticker 698,111,4,1395,1396
699,603,Test problem for class 603 on Sticker 699,64,73,1397,1398
700,192,Test problem for class 192 on Sticker 700,35,139,1399,1400
701,14,Test problem for class 14 on Sticker 701,2,27,1401,1402
702,56,Test problem for class 56 on Sticker 702,89,37,1403,1404
703,112,Test problem for class 112 on Sticker 703,150,96,1405,1406
704,137,Test problem for class 137 on Sticker 704,123,121,1407,1408
705,702,Test problem for class 702 on Sticker 705,52,76,1409,1410
706,525,Test problem for class 525 on Sticker 706,104,128,1411,1412
707,714,Test problem for class 714 on Sticker 707,140,113,1413,1414
708,640,Test problem for class 640 on Sticker 708,69,84,1415,1416
709,566,Test problem for class 566 on Sticker 709,75,121,1417,1418
710,606,Test problem for class 606 on Sticker 710,118,9,1419,1420
711,362,Test problem for class 362 on Sticker 711,64,139,1421,1422
712,626,Test problem for class 626 on Sticker 712,77,120,1423,1424
713,348,Test problem for class 348 on Sticker 713,112,119,1425,1426
714,175,Test problem for class 175 on Sticker 714,38,108,1427,1428
715,642,Test problem for class 642 on Sticker 715,39,139,1429,1430
716,240,Test problem for class 240 on Sticker 716,82,3,1431,1432
717,727,Test problem for class 727 on Sticker 717,95,63,1433,1434
718,317,Test problem for class 317 on Sticker 718,2,12,1435,1436
719,163,Test problem for class 163 on Sticker 719,100,72,1437,1438
720,804,Test problem for class 804 on Sticker 720,106,138,1439,1440
721,375,Test problem for class 375 on Sticker 721,11,40,1441,1442
722,122,Test problem for class 122 on Sticker 722,76,94,1443,1444
723,119,Test problem for class 119 on Sticker 723,75,132,1445,1446
724,691,Test problem for class 691 on Sticker 724,50,60,1447,1448
725,165,Test problem for class 165 on Sticker 725,26,10,1449,1450
726,23,Test problem for class 23 on Sticker 726,117,84,1451,1452
727,515,Test problem for class 515 on Sticker 727,95,20,1453,1454
728,662,Test problem for class 662 on Sticker 728,56,147,1455,1456
729,779,Test problem for class 779 on Sticker 729,59,135,1457,1458
730,636,Test problem for class 636 on Sticker 730,119,64,1459,1460
731,495,Test problem for class 495 on Sticker 731,46,147,1461,1462
732,218,Test problem for class 218 on Sticker 732,2,65,1463,1464
733,329,Test problem for class 329 on Sticker 733,142,99,1465,1466
734,465,Test problem for class 465 on Sticker 734,55,35,1467,1468
735,345,Test problem for class 345 on Sticker 735,54,58,1469,1470
736,735,Test problem for class 735 on Sticker 736,41,63,1471,1472
737,220,Test problem for class 220 on Sticker 737,54,142,1473,1474
738,229,Test problem for class 229 on Sticker 738,99,74,1475,1476
739,653,Test problem for class 653 on Sticker 739,142,53,1477,1478
740,830,Test problem for class 830 on Sticker 740,110,52,1479,1480
741,294,Test problem for class 294 on Sticker 741,85,149,1481,1482
742,161,Test problem for class 161 on Sticker 742,139,129,1483,1484
743,898,Test problem for class 898 on Sticker 743,89,66,1485,1486
744,932,Test problem for class 932 on Sticker 744,1,43,1487,1488
745,788,Test problem for class 788 on Sticker 745,132,102,1489,1490
746,400,Test problem for class 400 on Sticker 746,1,108,1491,1492
747,54,Test problem for class 54 on Sticker 747,139,36,1493,1494
748,630,Test problem for class 630 on Sticker 748,55,55,1495,1496
749,300,Test problem for class 300 on Sticker 749,120,42,1497,1498
750,101,Test problem for class 101 on Sticker 750,76,130,1499,1500
751,828,Test problem for class 828 on Sticker 751,67,134,1501,1502
752,411,Test problem for class 411 on Sticker 752,133,143,1503,1504
753,155,Test problem for class 155 on Sticker 753,31,31,1505,1506
754,34,Test problem for class 34 on Sticker 754,54,118,1507,1508
755,596,Test problem for class 596 on Sticker 755,96,21,1509,1510
756,42,Test problem for class 42 on Sticker 756,90,65,1511,1512
757,862,Test problem for class 862 on Sticker 757,22,26,1513,1514
758,570,Test problem for class 570 on Sticker 758,6,41,1515,1516
759,737,Test problem for class 737 on Sticker 759,62,19,1517,1518
760,110,Test problem for class 110 on Sticker 760,90,89,1519,1520
761,700,Test problem for class 700 on Sticker 761,109,31,1521,1522
762,234,Test problem for class 234 on Sticker 762,47,55,1523,1524
763,785,Test problem for class 785 on Sticker 763,69,51,1525,1526
764,25,Test problem for class 25 on Sticker 764,6,3,1527,1528
765,2,Test problem for class 2 on Sticker 765,14,94,1529,1530
766,214,Test problem for class 214 on Sticker 766,78,117,1531,1532
767,417,Test problem for class 417 on Sticker 767,2,66,1533,1534
768,187,Test problem for class 187 on Sticker 768,141,10,1535,1536
769,280,Test problem for class 280 on Sticker 769,101,29,1537,1538
770,314,Test problem for class 314 on Sticker 770,11,17,1539,1540
771,78,Test problem for class 78 on Sticker 771,88,83,1541,1542
772,615,Test problem for class 615 on Sticker 772,16,139,1543,1544
773,686,Test problem for class 686 on Sticker 773,80,90,1545,1546
774,777,Test problem for class 777 on Sticker 774,3,17,1547,1548
775,85,Test problem for class 85 on Sticker 775,146,99,1549,1550
776,310,Test problem for class 310 on Sticker 776,135,137,1551,1552
777,146,Test problem for class 146 on Sticker 777,61,45,1553,1554
778,806,Test problem for class 806 on Sticker 778,70,13,1555,1556
779,91,Test problem for class 91 on Sticker 779,2,92,1557,1558
780,716,Test problem for class 716 on Sticker 780,11,135,1559,1560
781,300,Test problem for class 300 on Sticker 781,144,87,1561,1562
782,108,Test problem for class 108 on Sticker 782,140,136,1563,1564
783,711,Test problem for class 711 on Sticker 783,29,29,1565,1566
784,307,Test problem for class 307 on Sticker 784,36,85,1567,1568
785,348,Test problem for class 348 on Sticker 785,140,42,1569,1570
786,76,Test problem for class 76 on Sticker 786,54,135,1571,1572
787,242,Test problem for class 242 on Sticker 787,1,31,1573,1574
788,184,Test problem for class 184 on Sticker 788,125,73,1575,1576
789,874,Test problem for class 874 on Sticker 789,85,12,1577,1578
790,846,Test problem for class 846 on Sticker 790,123,72,1579,1580
791,497,Test problem for class 497 on Sticker 791,77,44,1581,1582
792,367,Test problem for class 367 on Sticker 792,103,130,1583,1584
793,707,Test problem for class 707 on Sticker 793,5,137,1585,1586
794,710,Test problem for class 710 on Sticker 794,148,25,1587,1588
795,464,Test problem for class 464 on Sticker 795,113,27,1589,1590
796,758,Test problem for class 758 on Sticker 796,129,76,1591,1592
797,244,Test problem for class 244 on Sticker 797,133,88,1593,1594
798,702,Test problem for class 702 on Sticker 798,107,96,1595,1596
799,481,Test problem for class 481 on Sticker 799,146,38,1597,1598
800,848,Test problem for class 848 on Sticker 800,98,96,1599,1600
801,859,Test problem for class 859 on Sticker 801,99,51,1601,1602
802,732,Test problem for class 732 on Sticker 802,50,41,1603,1604
803,503,Test problem for class 503 on Sticker 803,28,31,1605,1606
804,818,Test problem for class 818 on Sticker 804,67,38,1607,1608
805,49,Test problem for class 49 on Sticker 805,52,72,1609,1610
806,492,Test problem for class 492 on Sticker 806,75,54,1611,1612
807,151,Test problem for class 151 on Sticker 807,33,79,1613,1614
808,564,Test problem for class 564 on Sticker 808,82,78,1615,1616
809,395,Test problem for class 395 on Sticker 809,66,42,1617,1618
810,312,Test problem for class 312 on Sticker 810,115,103,1619,1620
811,435,Test problem for class 435 on Sticker 811,60,37,1621,1622
812,536,Test problem for class 536 on Sticker 812,28,121,1623,1624
813,268,Test problem for class 268 on Sticker 813,147,10,1625,1626
814,300,Test problem for class 300 on Sticker 814,99,128,1627,1628
815,310,Test problem for class 310 on Sticker 815,139,64,1629,1630
816,572,Test problem for class 572 on Sticker 816,11,47,1631,1632
817,711,Test problem for class 711 on Sticker 817,122,125,1633,1634
818,711,Test problem for class 711 on Sticker 818,147,89,1635,1636
819,394,Test problem for class 394 on Sticker 819,112,28,1637,1638
820,418,Test problem for class 418 on Sticker 820,57,32,1639,1640
821,631,Test problem for class 631 on Sticker 821,138,131,1641,1642
822,505,Test problem for class 505 on Sticker 822,147,16,1643,1644
823,472,Test problem for class 472 on Sticker 823,131,50,1645,1646
824,445,Test problem for class 445 on Sticker 824,22,121,1647,1648
825,322,Test problem for class 322 on Sticker 825,11,111,1649,1650
826,550,Test problem for class 550 on Sticker 826,112,136,1651,1652
827,222,Test problem for class 222 on Sticker 827,129,78,1653,1654
828,788,Test problem for class 788 on Sticker 828,142,2,1655,1656
829,734,Test problem for class 734 on Sticker 829,132,42,1657,1658
830,514,Test problem for class 514 on Sticker 830,62,38,1659,1660
831,284,Test problem for class 284 on Sticker 831,86,146,1661,1662
832,565,Test problem for class 565 on Sticker 832,27,35,1663,1664
833,746,Test problem for class 746 on Sticker 833,12,141,1665,1666
834,602,Test problem for class 602 on Sticker 834,54,92,1667,1668
835,500,Test problem for class 500 on Sticker 835,21,24,1669,1670
836,439,Test problem for class 439 on Sticker 836,119,40,1671,1672
837,167,Test problem for class 167 on Sticker 837,74,140,1673,1674
838,623,Test problem for class 623 on Sticker 838,134,48,1675,1676
839,622,Test problem for class 622 on Sticker 839,107,70,1677,1678
840,665,Test problem for class 665 on Sticker 840,141,22,1679,1680
841,180,Test problem for class 180 on Sticker 841,121,6,1681,1682
842,159,Test problem for class 159 on Sticker 842,62,3,1683,1684
843,759,Test problem for class 759 on Sticker 843,138,39,1685,1686
844,287,Test problem for class 287 on Sticker 844,22,40,1687,1688
845,705,Test problem for class 705 on Sticker 845,6,44,1689,1690
846,768,Test problem for class 768 on Sticker 846,101,80,1691,1692
847,497,Test problem for class 497 on Sticker 847,98,28,1693,1694
848,353,Test problem for class 353 on Sticker 848,69,98,1695,1696
849,238,Test problem for class 238 on Sticker 849,131,141,1697,1698
850,699,Test problem for class 699 on Sticker 850,68,97,1699,1700
851,528,Test problem for class 528 on Sticker 851,102,132,1701,1702
852,143,Test problem for class 143 on Sticker 852,77,142,1703,1704
853,466,Test problem for class 466 on Sticker 853,132,84,1705,1706
854,150,Test problem for class 150 on Sticker 854,111,48,1707,1708
855,794,Test problem for class 794 on Sticker 855,74,83,1709,1710
856,826,Test problem for class 826 on Sticker 856,15,135,1711,1712
857,345,Test problem for class 345 on Sticker 857,4,113,1713,1714
858,799,Test problem for class 799 on Sticker 858,117,125,1715,1716
859,808,Test problem for class 808 on Sticker 859,78,63,1717,1718
860,350,Test problem for class 350 on Sticker 860,47,100,1719,1720
861,11,Test problem for class 11 on Sticker 861,21,55,1721,1722
862,68,Test problem for class 68 on Sticker 862,19,47,1723,1724
863,50,Test problem for class 50 on Sticker 863,93,23,1725,1726
864,442,Test problem for class 442 on Sticker 864,20,43,1727,1728
865,359,Test problem for class 359 on Sticker 865,137,96,1729,1730
866,313,Test problem for class 313 on Sticker 866,12,146,1731,1732
867,535,Test problem for class 535 on Sticker 867,66,136,1733,1734
868,215,Test problem for class 215 on Sticker 868,100,66,1735,1736
869,682,Test problem for class 682 on Sticker 869,70,143,1737,1738
870,232,Test problem for class 232 on Sticker 870,55,70,1739,1740
871,231,Test problem for class 231 on Sticker 871,5,140,1741,1742
872,97,Test problem for class 97 on Sticker 872,76,69,1743,1744
873,928,Test problem for class 928 on Sticker 873,23,143,1745,1746
874,578,Test problem for class 578 on Sticker 874,107,76,1747,1748
875,755,Test problem for class 755 on Sticker 875,104,51,1749,1750
876,858,Test problem for class 858 on Sticker 876,144,53,1751,1752
877,907,Test problem for class 907 on Sticker 877,93,25,1753,1754
878,507,Test problem for class 507 on Sticker 878,76,69,1755,1756
879,681,Test problem for class 681 on Sticker 879,31,109,1757,1758
880,539,Test problem for class 539 on Sticker 880,78,27,1759,1760
881,500,Test problem for class 500 on Sticker 881,129,119,1761,1762
882,522,Test problem for class 522 on Sticker 882,105,100,1763,1764
883,138,Test problem for class 138 on Sticker 883,23,133,1765,1766
884,352,Test problem for class 352 on Sticker 884,149,48,1767,1768
885,108,Test problem for class 108 on Sticker 885,39,94,1769,1770
886,562,Test problem for class 562 on Sticker 886,145,59,1771,1772
887,376,Test problem for class 376 on Sticker 887,117,131,1773,1774
888,107,Test problem for class 107 on Sticker 888,125,134,1775,1776
889,791,Test problem for class 791 on Sticker 889,127,123,1777,1778
890,540,Test problem for class 540 on Sticker 890,49,55,1779,1780
891,549,Test problem for class 549 on Sticker 891,31,39,1781,1782
892,260,Test problem for class 260 on Sticker 892,36,43,1783,1784
893,557,Test problem for class 557 on Sticker 893,47,130,1785,1786
894,344,Test problem for class 344 on Sticker 894,42,3,1787,1788
895,511,Test problem for class 511 on Sticker 895,15,91,1789,1790
896,256,Test problem for class 256 on Sticker 896,66,87,1791,1792
897,262,Test problem for class 262 on Sticker 897,90,70,1793,1794
898,189,Test problem for class 189 on Sticker 898,79,100,1795,1796
899,819,Test problem for class 819 on Sticker 899,82,65,1797,1798
900,504,Test problem for class 504 on Sticker 900,147,63,1799,1800
901,281,Test problem for class 281 on Sticker 901,46,124,1801,1802
902,459,Test problem for class 459 on Sticker 902,90,95,1803,1804
903,785,Test problem for class 785 on Sticker 903,100,121,1805,1806
904,932,Test problem for class 932 on Sticker 904,127,25,1807,1808
905,787,Test problem for class 787 on Sticker 905,92,113,1809,1810
906,2,Test problem for class 2 on Sticker 906,101,32,1811,1812
907,278,Test problem for class 278 on Sticker 907,4,146,1813,1814
908,912,Test problem for class 912 on Sticker 908,117,69,1815,1816
909,563,Test problem for class 563 on Sticker 909,135,132,1817,1818
910,202,Test problem for class 202 on Sticker 910,112,30,1819,1820
911,652,Test problem for class 652 on Sticker 911,122,100,1821,1822
912,642,Test problem for class 642 on Sticker 912,84,123,1823,1824
913,770,Test problem for class 770 on Sticker 913,59,105,1825,1826
914,766,Test problem for class 766 on Sticker 914,105,148,1827,1828
915,208,Test problem for class 208 on Sticker 915,59,2,1829,1830
916,882,Test problem for class 882 on Sticker 916,111,120,1831,1832
917,243,Test problem for class 243 on Sticker 917,71,129,1833,1834
918,453,Test problem for class 453 on Sticker 918,54,90,1835,1836
919,393,Test problem for class 393 on Sticker 919,144,72,1837,1838
920,200,Test problem for class 200 on Sticker 920,31,147,1839,1840
921,488,Test problem for class 488 on Sticker 921,114,134,1841,1842
922,289,Test problem for class 289 on Sticker 922,120,11,1843,1844
923,890,Test problem for class 890 on Sticker 923,115,77,1845,1846
924,329,Test problem for class 329 on Sticker 924,81,71,1847,1848
925,434,Test problem for class 434 on Sticker 925,15,147,1849,1850
926,247,Test problem for class 247 on Sticker 926,138,61,1851,1852
927,695,Test problem for class 695 on Sticker 927,114,130,1853,1854
928,469,Test problem for class 469 on Sticker 928,88,84,1855,1856
929,640,Test problem for class 640 on Sticker 929,44,129,1857,1858
930,616,Test problem for class 616 on Sticker 930,68,47,1859,1860
931,633,Test problem for class 633 on Sticker 931,110,39,1861,1862
932,397,Test problem for class 397 on Sticker 932,118,125,1863,1864
933,369,Test problem for class 369 on Sticker 933,60,121,1865,1866
934,184,Test problem for class 184 on Sticker 934,135,13,1867,1868
935,718,Test problem for class 718 on Sticker 935,147,108,1869,1870
936,166,Test problem for class 166 on Sticker 936,36,126,1871,1872
937,762,Test problem for class 762 on Sticker 937,91,13,1873,1874
938,13,Test problem for class 13 on Sticker 938,75,71,1875,1876
939,671,Test problem for class 671 on Sticker 939,114,136,1877,1878
940,273,Test problem for class 273 on Sticker 940,73,81,1879,1880
941,712,Test problem for class 712 on Sticker 941,55,67,1881,1882
942,655,Test problem for class 655 on Sticker 942,2,62,1883,1884
943,175,Test problem for class 175 on Sticker 943,143,8,1885,1886
944,740,Test problem for class 740 on Sticker 944,47,78,1887,1888
945,651,Test problem for class 651 on Sticker 945,64,11,1889,1890
946,14,Test problem for class 14 on Sticker 946,11,27,1891,1892
947,648,Test problem for class 648 on Sticker 947,105,124,1893,1894
948,422,Test problem for class 422 on Sticker 948,24,83,1895,1896
949,1,Test problem for class 1 on Sticker 949,13,140,1897,1898
950,720,Test problem for class 720 on Sticker 950,106,36,1899,1900
951,918,Test problem for class 918 on Sticker 951,145,145,1901,1902
952,317,Test problem for class 317 on Sticker 952,45,67,1903,1904
953,590,Test problem for class 590 on Sticker 953,126,8,1905,1906
954,456,Test problem for class 456 on Sticker 954,20,56,1907,1908
955,592,Test problem for class 592 on Sticker 955,114,67,1909,1910
956,571,Test problem for class 571 on Sticker 956,74,44,1911,1912
957,291,Test problem for class 291 on Sticker 957,126,6,1913,1914
958,679,Test problem for class 679 on Sticker 958,111,138,1915,1916
959,144,Test problem for class 144 on Sticker 959,108,13,1917,1918
960,156,Test problem for class 156 on Sticker 960,6,143,1919,1920
961,601,Test problem for class 601 on Sticker 961,50,117,1921,1922
962,211,Test problem for class 211 on Sticker 962,79,65,1923,1924
963,792,Test problem for class 792 on Sticker 963,2,20,1925,1926
964,743,Test problem for class 743 on Sticker 964,120,56,1927,1928
965,703,Test problem for class 703 on Sticker 965,32,13,1929,1930
966,859,Test problem for class 859 on Sticker 966,102,85,1931,1932
967,535,Test problem for class 535 on Sticker 967,81,8,1933,1934
968,915,Test problem for class 915 on Sticker 968,9,126,1935,1936
969,192,Test problem for class 192 on Sticker 969,47,18,1937,1938
970,136,Test problem for class 136 on Sticker 970,89,136,1939,1940
971,344,Test problem for class 344 on Sticker 971,101,83,1941,1942
972,403,Test problem for class 403 on Sticker 972,38,31,1943,1944
973,513,Test problem for class 513 on Sticker 973,144,45,1945,1946
974,289,Test problem for class 289 on Sticker 974,144,1,1947,1948
975,690,Test problem for class 690 on Sticker 975,145,112,1949,1950
976,416,Test problem for class 416 on Sticker 976,15,87,1951,1952
977,312,Test problem for class 312 on Sticker 977,116,87,1953,1954
978,843,Test problem for class 843 on Sticker 978,149,95,1955,1956
979,680,Test problem for class 680 on Sticker 979,129,65,1957,1958
980,234,Test problem for class 234 on Sticker 980,2,40,1959,1960
981,174,Test problem for class 174 on Sticker 981,88,58,1961,1962
982,381,Test problem for class 381 on Sticker 982,139,75,1963,1964
983,315,Test problem for class 315 on Sticker 983,102,99,1965,1966
984,728,Test problem for class 728 on Sticker 984,58,118,1967,1968
985,297,Test problem for class 297 on Sticker 985,50,48,1969,1970
986,826,Test problem for class 826 on Sticker 986,80,38,1971,1972
987,409,Test problem for class 409 on Sticker 987,125,42,1973,1974
988,700,Test problem for class 700 on Sticker 988,59,74,1975,1976
989,914,Test problem for class 914 on Sticker 989,75,123,1977,1978
990,49,Test problem for class 49 on Sticker 990,30,101,1979,1980
991,811,Test problem for class 811 on Sticker 991,34,149,1981,1982
992,799,Test problem for class 799 on Sticker 992,40,12,1983,1984
993,820,Test problem for class 820 on Sticker 993,101,37,1985,1986
994,474,Test problem for class 474 on Sticker 994,60,126,1987,1988
995,366,Test problem for class 366 on Sticker 995,135,22,1989,1990
996,768,Test problem for class 768 on Sticker 996,78,95,1991,1992
997,645,Test problem for class 645 on Sticker 997,130,84,1993,1994
998,201,Test problem for class 201 on Sticker 998,127,44,1995,1996
999,454,Test problem for class 454 on Sticker 999,47,87,1997,1998
1000,286,Test problem for class 286 on Sticker 1000,39,54,1999,2000
1001,611,Test problem for class 611 on Sticker 1001,54,55,2001,2002
1002,909,Test problem for class 909 on Sticker 1002,13,132,2003,2004
1003,317,Test problem for class 317 on Sticker 1003,95,99,2005,2006
1004,16,Test problem for class 16 on Sticker 1004,18,2,2007,2008
1005,622,Test problem for class 622 on Sticker 1005,17,63,2009,2010
1006,76,Test problem for class 76 on Sticker 1006,48,74,2011,2012
1007,531,Test problem for class 531 on Sticker 1007,24,75,2013,2014
1008,311,Test problem for class 311 on Sticker 1008,75,137,2015,2016
1009,125,Test problem for class 125 on Sticker 1009,145,94,2017,2018
1010,796,Test problem for class 796 on Sticker 1010,99,119,2019,2020
1011,179,Test problem for class 179 on Sticker 1011,37,60,2021,2022
1012,507,Test problem for class 507 on Sticker 1012,141,100,2023,2024
1013,613,Test problem for class 613 on Sticker 1013,89,9,2025,2026
1014,171,Test problem for class 171 on Sticker 1014,21,92,2027,2028
1015,486,Test problem for class 486 on Sticker 1015,31,62,2029,2030
1016,654,Test problem for class 654 on Sticker 1016,73,88,2031,2032
1017,397,Test problem for class 397 on Sticker 1017,80,20,2033,2034
1018,305,Test problem for class 305 on Sticker 1018,115,107,2035,2036
1019,368,Test problem for class 368 on Sticker 1019,125,125,2037,2038
1020,505,Test problem for class 505 on Sticker 1020,137,148,2039,2040
1021,671,Test problem for class 671 on Sticker 1021,8,72,2041,2042
1022,923,Test problem for class 923 on Sticker 1022,126,143,2043,2044
1023,55,Test problem for class 55 on Sticker 1023,54,35,2045,2046
1024,120,Test problem for class 120 on Sticker 1024,70,76,2047,2048
1025,393,Test problem for class 393 on Sticker 1025,64,41,2049,2050
1026,644,Test problem for class 644 on Sticker 1026,56,54,2051,2052
1027,736,Test problem for class 736 on Sticker 1027,76,115,2053,2054
1028,352,Test problem for class 352 on Sticker 1028,9,111,2055,2056
1029,460,Test problem for class 460 on Sticker 1029,123,19,2057,2058
1030,37,Test problem for class 37 on Sticker 1030,91,69,2059,2060
1031,74,Test problem for class 74 on Sticker 1031,62,27,2061,2062
1032,273,Test problem for class 273 on Sticker 1032,117,13,2063,2064
1033,576,Test problem for class 576 on Sticker 1033,72,55,2065,2066
1034,520,Test problem for class 520 on Sticker 1034,90,132,2067,2068
1035,70,Test problem for class 70 on Sticker 1035,109,107,2069,2070
1036,566,Test problem for class 566 on Sticker 1036,46,141,2071,2072
1037,84,Test problem for class 84 on Sticker 1037,138,65,2073,2074
1038,355,Test problem for class 355 on Sticker 1038,49,94,2075,2076
1039,557,Test problem for class 557 on Sticker 1039,146,138,2077,2078
1040,14,Test problem for class 14 on Sticker 1040,68,32,2079,2080
1041,414,Test problem for class 414 on Sticker 1041,109,12,2081,2082
1042,333,Test problem for class 333 on Sticker 1042,106,31,2083,2084
1043,925,Test problem for class 925 on Sticker 1043,127,85,2085,2086
1044,655,Test problem for class 655 on Sticker 1044,8,77,2087,2088
1045,215,Test problem for class 215 on Sticker 1045,146,28,2089,2090
1046,99,Test problem for class 99 on Sticker 1046,121,146,2091,2092
1047,144,Test problem for class 144 on Sticker 1047,15,125,2093,2094
1048,340,Test problem for class 340 on Sticker 1048,126,38,2095,2096
1049,634,Test problem for class 634 on Sticker 1049,19,103,2097,2098
1050,707,Test problem for class 707 on Sticker 1050,61,95,2099,2100
1051,901,Test problem for class 901 on Sticker 1051,142,133,2101,2102
1052,441,Test problem for class 441 on Sticker 1052,82,59,2103,2104
1053,515,Test problem for class 515 on Sticker 1053,110,70,2105,2106
1054,838,Test problem for class 838 on Sticker 1054,2,54,2107,2108
1055,806,Test problem for class 806 on Sticker 1055,121,47,2109,2110
1056,103,Test problem for class 103 on Sticker 1056,44,82,2111,2112
1057,655,Test problem for class 655 on Sticker 1057,27,32,2113,2114
1058,195,Test problem for class 195 on Sticker 1058,32,85,2115,2116
1059,766,Test problem for class 766 on Sticker 1059,67,33,2117,2118
1060,888,Test problem for class 888 on Sticker 1060,99,139,2119,2120
1061,697,Test problem for class 697 on Sticker 1061,8,65,2121,2122
1062,153,Test problem for class 153 on Sticker 1062,96,118,2123,2124
1063,172,Test problem for class 172 on Sticker 1063,1,63,2125,2126
1064,352,Test problem for class 352 on Sticker 1064,78,37,2127,2128
1065,639,Test problem for class 639 on Sticker 1065,68,35,2129,2130
1066,389,Test problem for class 389 on Sticker 1066,88,100,2131,2132
1067,423,Test problem for class 423 on Sticker 1067,55,121,2133,2134
1068,610,Test problem for class 610 on Sticker 1068,112,9,2135,2136
1069,535,Test problem for class 535 on Sticker 1069,65,69,2137,2138
1070,765,Test problem for class 765 on Sticker 1070,5,88,2139,2140
1071,404,Test problem for class 404 on Sticker 1071,62,57,2141,2142
1072,279,Test problem for class 279 on Sticker 1072,123,127,2143,2144
1073,543,Test problem for class 543 on Sticker 1073,146,56,2145,2146
1074,763,Test problem for class 763 on Sticker 1074,30,38,2147,2148
1075,588,Test problem for class 588 on Sticker 1075,70,104,2149,2150
1076,239,Test problem for class 239 on Sticker 1076,150,12,2151,2152
1077,362,Test problem for class 362 on Sticker 1077,150,130,2153,2154
1078,40,Test problem for class 40 on Sticker 1078,149,114,2155,2156
1079,779,Test problem for class 779 on Sticker 1079,136,104,2157,2158
1080,561,Test problem for class 561 on Sticker 1080,9,84,2159,2160
1081,581,Test problem for class 581 on Sticker 1081,117,90,2161,2162
1082,907,Test problem for class 907 on Sticker 1082,109,132,2163,2164
1083,286,Test problem for class 286 on Sticker 1083,112,104,2165,2166
1084,545,Test problem for class 545 on Sticker 1084,16,39,2167,2168
1085,771,Test problem for class 771 on Sticker 1085,66,33,2169,2170
1086,680,Test problem for class 680 on Sticker 1086,116,57,2171,2172
1087,184,Test problem for class 184 on Sticker 1087,66,66,2173,2174
1088,570,Test problem for class 570 on Sticker 1088,60,40,2175,2176
1089,299,Test problem for class 299 on Sticker 1089,17,125,2177,2178
1090,85,Test problem for class 85 on Sticker 1090,32,45,2179,2180
1091,462,Test problem for class 462 on Sticker 1091,121,66,2181,2182
1092,171,Test problem for class 171 on Sticker 1092,85,145,2183,2184
1093,188,Test problem for class 188 on Sticker 1093,53,128,2185,2186
1094,812,Test problem for class 812 on Sticker 1094,46,24,2187,2188
1095,173,Test problem for class 173 on Sticker 1095,127,124,2189,2190
1096,665,Test problem for class 665 on Sticker 1096,92,8,2191,2192
1097,484,Test problem for class 484 on Sticker 1097,72,138,2193,2194
1098,368,Test problem for class 368 on Sticker 1098,150,42,2195,2196
1099,45,Test problem for class 45 on Sticker 1099,66,5,2197,2198
1100,909,Test problem for class 909 on Sticker 1100,40,64,2199,2200
1101,733,Test problem for class 733 on Sticker 1101,9,37,2201,2202
1102,611,Test problem for class 611 on Sticker 1102,148,19,2203,2204
1103,537,Test problem for class 537 on Sticker 1103,78,55,2205,2206
1104,677,Test problem for class 677 on Sticker 1104,65,107,2207,2208
1105,814,Test problem for class 814 on Sticker 1105,5,61,2209,2210
1106,697,Test problem for class 697 on Sticker 1106,123,50,2211,2212
1107,421,Test problem for class 421 on Sticker 1107,28,84,2213,2214
1108,432,Test problem for class 432 on Sticker 1108,35,107,2215,2216
1109,386,Test problem for class 386 on Sticker 1109,131,42,2217,2218
1110,497,Test problem for class 497 on Sticker 1110,11,9,2219,2220
1111,510,Test problem for class 510 on Sticker 1111,83,7,2221,2222
1112,707,Test problem for class 707 on Sticker 1112,98,54,2223,2224
1113,784,Test problem for class 784 on Sticker 1113,98,63,2225,2226
1114,365,Test problem for class 365 on Sticker 1114,145,142,2227,2228
1115,462,Test problem for class 462 on Sticker 1115,108,41,2229,2230
1116,932,Test problem for class 932 on Sticker 1116,113,110,2231,2232
1117,629,Test problem for class 629 on Sticker 1117,114,40,2233,2234
1118,839,Test problem for class 839 on Sticker 1118,22,52,2235,2236
1119,757,Test problem for class 757 on Sticker 1119,131,105,2237,2238
1120,709,Test problem for class 709 on Sticker 1120,69,69,2239,2240
1121,533,Test problem for class 533 on Sticker 1121,20,87,2241,2242
1122,774,Test problem for class 774 on Sticker 1122,43,5,2243,2244
1123,5,Test problem for class 5 on Sticker 1123,139,10,2245,2246
1124,81,Test problem for class 81 on Sticker 1124,59,89,2247,2248
1125,231,Test problem for class 231 on Sticker 1125,93,124,2249,2250
1126,583,Test problem for class 583 on Sticker 1126,3,118,2251,2252
1127,508,Test problem for class 508 on Sticker 1127,45,103,2253,2254
1128,510,Test problem for class 510 on Sticker 1128,27,25,2255,2256
1129,573,Test problem for class 573 on Sticker 1129,18,150,2257,2258
1130,831,Test problem for class 831 on Sticker 1130,122,54,2259,2260
1131,347,Test problem for class 347 on Sticker 1131,130,41,2261,2262
1132,888,Test problem for class 888 on Sticker 1132,46,124,2263,2264
1133,756,Test problem for class 756 on Sticker 1133,76,82,2265,2266
1134,660,Test problem for class 660 on Sticker 1134,36,145,2267,2268
1135,849,Test problem for class 849 on Sticker 1135,34,23,2269,2270
1136,122,Test problem for class 122 on Sticker 1136,94,2,2271,2272
1137,762,Test problem for class 762 on Sticker 1137,100,86,2273,2274
1138,634,Test problem for class 634 on Sticker 1138,5,55,2275,2276
1139,227,Test problem for class 227 on Sticker 1139,53,33,2277,2278
1140,103,Test problem for class 103 on Sticker 1140,86,114,2279,2280
1141,609,Test problem for class 609 on Sticker 1141,127,16,2281,2282
1142,138,Test problem for class 138 on Sticker 1142,108,135,2283,2284
1143,308,Test problem for class 308 on Sticker 1143,45,120,2285,2286
1144,135,Test problem for class 135 on Sticker 1144,140,76,2287,2288
1145,635,Test problem for class 635 on Sticker 1145,132,123,2289,2290
1146,523,Test problem for class 523 on Sticker 1146,1,71,2291,2292
1147,522,Test problem for class 522 on Sticker 1147,130,143,2293,2294
1148,909,Test problem for class 909 on Sticker 1148,85,15,2295,2296
1149,899,Test problem for class 899 on Sticker 1149,20,23,2297,2298
1150,885,Test problem for class 885 on Sticker 1150,83,81,2299,2300
1151,166,Test problem for class 166 on Sticker 1151,10,39,2301,2302
1152,723,Test problem for class 723 on Sticker 1152,4,150,2303,2304
1153,134,Test problem for class 134 on Sticker 1153,38,78,2305,2306
1154,436,Test problem for class 436 on Sticker 1154,52,118,2307,2308
1155,545,Test problem for class 545 on Sticker 1155,126,1,2309,2310
1156,511,Test problem for class 511 on Sticker 1156,109,74,2311,2312
1157,9,Test problem for class 9 on Sticker 1157,71,110,2313,2314
1158,461,Test problem for class 461 on Sticker 1158,91,146,2315,2316
1159,886,Test problem for class 886 on Sticker 1159,85,18,2317,2318
1160,666,Test problem for class 666 on Sticker 1160,93,142,2319,2320
1161,562,Test problem for class 562 on Sticker 1161,115,70,2321,2322
1162,321,Test problem for class 321 on Sticker 1162,10,53,2323,2324
1163,45,Test problem for class 45 on Sticker 1163,81,107,2325,2326
1164,631,Test problem for class 631 on Sticker 1164,78,150,2327,2328
1165,806,Test problem for class 806 on Sticker 1165,57,17,2329,2330
1166,20,Test problem for class 20 on Sticker 1166,108,71,2331,2332
1167,870,Test problem for class 870 on Sticker 1167,118,64,2333,2334
1168,228,Test problem for class 228 on Sticker 1168,1,145,2335,2336
1169,403,Test problem for class 403 on Sticker 1169,39,17,2337,2338
1170,387,Test problem for class 387 on Sticker 1170,129,102,2339,2340
1171,182,Test problem for class 182 on Sticker 1171,94,85,2341,2342
1172,214,Test problem for class 214 on Sticker 1172,99,35,2343,2344
1173,585,Test problem for class 585 on Sticker 1173,89,133,2345,2346
1174,251,Test problem for class 251 on Sticker 1174,17,115,2347,2348
1175,629,Test problem for class 629 on Sticker 1175,84,112,2349,2350
1176,567,Test problem for class 567 on Sticker 1176,40,34,2351,2352
1177,155,Test problem for class 155 on Sticker 1177,6,137,2353,2354
1178,289,Test problem for class 289 on Sticker 1178,33,19,2355,2356
1179,551,Test problem for class 551 on Sticker 1179,116,33,2357,2358
1180,786,Test problem for class 786 on Sticker 1180,56,99,2359,2360
1181,286,Test problem for class 286 on Sticker 1181,14,28,2361,2362
1182,597,Test problem for class 597 on Sticker 1182,133,101,2363,2364
1183,902,Test problem for class 902 on Sticker 1183,65,118,2365,2366
1184,548,Test problem for class 548 on Sticker 1184,103,29,2367,2368
1185,51,Test problem for class 51 on Sticker 1185,148,46,2369,2370
1186,841,Test problem for class 841 on Sticker 1186,51,111,2371,2372
1187,220,Test problem for class 220 on Sticker 1187,92,30,2373,2374
1188,68,Test problem for class 68 on Sticker 1188,129,10,2375,2376
1189,400,Test problem for class 400 on Sticker 1189,83,25,2377,2378
1190,152,Test problem for class 152 on Sticker 1190,149,13,2379,2380
1191,151,Test problem for class 151 on Sticker 1191,28,61,2381,2382
1192,302,Test problem for class 302 on Sticker 1192,119,60,2383,2384
1193,282,Test problem for class 282 on Sticker 1193,22,94,2385,2386
1194,335,Test problem for class 335 on Sticker 1194,35,129,2387,2388
1195,680,Test problem for class 680 on Sticker 1195,93,89,2389,2390
1196,473,Test problem for class 473 on Sticker 1196,123,108,2391,2392
1197,853,Test problem for class 853 on Sticker 1197,39,123,2393,2394
1198,49,Test problem for class 49 on Sticker 1198,31,108,2395,2396
1199,265,Test problem for class 265 on Sticker 1199,70,53,2397,2398
1200,264,Test problem for class 264 on Sticker 1200,139,105,2399,2400
1201,870,Test problem for class 870 on Sticker 1201,20,37,2401,2402
1202,510,Test problem for class 510 on Sticker 1202,89,110,2403,2404
1203,472,Test problem for class 472 on Sticker 1203,11,55,2405,2406
1204,42,Test problem for class 42 on Sticker 1204,50,128,2407,2408
1205,147,Test problem for class 147 on Sticker 1205,77,61,2409,2410
1206,251,Test problem for class 251 on Sticker 1206,40,30,2411,2412
1207,544,Test problem for class 544 on Sticker 1207,19,117,2413,2414
1208,733,Test problem for class 733 on Sticker 1208,3,137,2415,2416
1209,431,Test problem for class 431 on Sticker 1209,72,55,2417,2418
1210,200,Test problem for class 200 on Sticker 1210,15,92,2419,2420
1211,889,Test problem for class 889 on Sticker 1211,12,84,2421,2422
1212,394,Test problem for class 394 on Sticker 1212,110,58,2423,2424
1213,264,Test problem for class 264 on Sticker 1213,60,48,2425,2426
1214,355,Test problem for class 355 on Sticker 1214,44,107,2427,2428
1215,29,Test problem for class 29 on Sticker 1215,64,93,2429,2430
1216,639,Test problem for class 639 on Sticker 1216,23,136,2431,2432
1217,158,Test problem for class 158 on Sticker 1217,98,12,2433,2434
1218,474,Test problem for class 474 on Sticker 1218,86,64,2435,2436
1219,54,Test problem for class 54 on Sticker 1219,95,110,2437,2438
1220,61,Test problem for class 61 on Sticker 1220,24,127,2439,2440
1221,862,Test problem for class 862 on Sticker 1221,59,136,2441,2442
1222,497,Test problem for class 497 on Sticker 1222,70,31,2443,2444
1223,255,Test problem for class 255 on Sticker 1223,124,150,2445,2446
1224,588,Test problem for class 588 on Sticker 1224,49,20,2447,2448
1225,757,Test problem for class 757 on Sticker 1225,130,44,2449,2450
1226,374,Test problem for class 374 on Sticker 1226,104,98,2451,2452
1227,493,Test problem for class 493 on Sticker 1227,46,118,2453,2454
1228,729,Test problem for class 729 on Sticker 1228,113,69,2455,2456
1229,44,Test problem for class 44 on Sticker 1229,55,31,2457,2458
1230,218,Test problem for class 218 on Sticker 1230,95,10,2459,2460
1231,695,Test problem for class 695 on Sticker 1231,4,32,2461,2462
1232,55,Test problem for class 55 on Sticker 1232,15,123,2463,2464
1233,783,Test problem for class 783 on Sticker 1233,122,54,2465,2466
1234,904,Test problem for class 904 on Sticker 1234,7,106,2467,2468
1235,822,Test problem for class 822 on Sticker 1235,130,21,2469,2470
1236,418,Test problem for class 418 on Sticker 1236,100,63,2471,2472
1237,716,Test problem for class 716 on Sticker 1237,95,119,2473,2474
1238,469,Test problem for class 469 on Sticker 1238,15,81,2475,2476
1239,638,Test problem for class 638 on Sticker 1239,141,42,2477,2478
1240,220,Test problem for class 220 on Sticker 1240,1,7,2479,2480
1241,181,Test problem for class 181 on Sticker 1241,140,148,2481,2482
1242,823,Test problem for class 823 on Sticker 1242,134,140,2483,2484
1243,370,Test problem for class 370 on Sticker 1243,102,10,2485,2486
1244,193,Test problem for class 193 on Sticker 1244,4,58,2487,2488
1245,817,Test problem for class 817 on Sticker 1245,76,104,2489,2490
1246,882,Test problem for class 882 on Sticker 1246,89,141,2491,2492
1247,412,Test problem for class 412 on Sticker 1247,94,85,2493,2494
1248,781,Test problem for class 781 on Sticker 1248,98,38,2495,2496
1249,574,Test problem for class 574 on Sticker 1249,25,17,2497,2498
1250,4,Test problem for class 4 on Sticker 1250,131,46,2499,2500
1251,201,Test problem for class 201 on Sticker 1251,94,30,2501,2502
1252,643,Test problem for class 643 on Sticker 1252,37,66,2503,2504
1253,275,Test problem for class 275 on Sticker 1253,143,26,2505,2506
1254,724,Test problem for class 724 on Sticker 1254,18,105,2507,2508
1255,522,Test problem for class 522 on Sticker 1255,116,61,2509,2510
1256,667,Test problem for class 667 on Sticker 1256,60,77,2511,2512
1257,71,Test problem for class 71 on Sticker 1257,43,115,2513,2514
1258,764,Test problem for class 764 on Sticker 1258,64,34,2515,2516
1259,557,Test problem for class 557 on Sticker 1259,32,54,2517,2518
1260,620,Test problem for class 620 on Sticker 1260,149,42,2519,2520
1261,827,Test problem for class 827 on Sticker 1261,27,52,2521,2522
1262,419,Test problem for class 419 on Sticker 1262,33,119,2523,2524
1263,275,Test problem for class 275 on Sticker 1263,110,5,2525,2526
1264,11,Test problem for class 11 on Sticker 1264,29,108,2527,2528
1265,329,Test problem for class 329 on Sticker 1265,135,124,2529,2530
1266,329,Test problem for class 329 on Sticker 1266,62,71,2531,2532
1267,676,Test problem for class 676 on Sticker 1267,18,109,2533,2534
1268,840,Test problem for class 840 on Sticker 1268,141,117,2535,2536
1269,559,Test problem for class 559 on Sticker 1269,95,118,2537,2538
1270,810,Test problem for class 810 on Sticker 1270,27,14,2539,2540
1271,443,Test problem for class 443 on Sticker 1271,41,122,2541,2542
1272,923,Test problem for class 923 on Sticker 1272,54,107,2543,2544
1273,34,Test problem for class 34 on Sticker 1273,112,80,2545,2546
1274,163,Test problem for class 163 on Sticker 1274,1,148,2547,2548
1275,70,Test problem for class 70 on Sticker 1275,63,3,2549,2550
1276,674,Test problem for class 674 on Sticker 1276,18,111,2551,2552
1277,164,Test problem for class 164 on Sticker 1277,49,78,2553,2554
1278,422,Test problem for class 422 on Sticker 1278,47,78,2555,2556
1279,510,Test problem for class 510 on Sticker 1279,34,58,2557,2558
1280,796,Test problem for class 796 on Sticker 1280,16,88,2559,2560
1281,808,Test problem for class 808 on Sticker 1281,30,87,2561,2562
1282,57,Test problem for class 57 on Sticker 1282,39,42,2563,2564
1283,816,Test problem for class 816 on Sticker 1283,93,17,2565,2566
1284,666,Test problem for class 666 on Sticker 1284,35,60,2567,2568
1285,809,Test problem for class 809 on Sticker 1285,73,142,2569,2570
1286,793,Test problem for class 793 on Sticker 1286,6,107,2571,2572
1287,578,Test problem for class 578 on Sticker 1287,81,107,2573,2574
1288,915,Test problem for class 915 on Sticker 1288,113,96,2575,2576
1289,182,Test problem for class 182 on Sticker 1289,5,43,2577,2578
1290,865,Test problem for class 865 on Sticker 1290,18,107,2579,2580
1291,582,Test problem for class 582 on Sticker 1291,107,22,2581,2582
1292,356,Test problem for class 356 on Sticker 1292,38,123,2583,2584
1293,26,Test problem for class 26 on Sticker 1293,83,94,2585,2586
1294,318,Test problem for class 318 on Sticker 1294,137,56,2587,2588
1295,901,Test problem for class 901 on Sticker 1295,90,48,2589,2590
1296,779,Test problem for class 779 on Sticker 1296,30,29,2591,2592
1297,687,Test problem for class 687 on Sticker 1297,49,95,2593,2594
1298,851,Test problem for class 851 on Sticker 1298,60,45,2595,2596
1299,679,Test problem for class 679 on Sticker 1299,140,42,2597,2598
1300,605,Test problem for class 605 on Sticker 1300,61,27,2599,2600
1301,16,Test problem for class 16 on Sticker 1301,113,135,2601,2602
1302,25,Test problem for class 25 on Sticker 1302,59,61,2603,2604
1303,170,Test problem for class 170 on Sticker 1303,10,143,2605,2606
1304,657,Test problem for class 657 on Sticker 1304,138,24,2607,2608
1305,883,Test problem for class 883 on Sticker 1305,93,93,2609,2610
1306,35,Test problem for class 35 on Sticker 1306,48,68,2611,2612
1307,400,Test problem for class 400 on Sticker 1307,4,16,2613,2614
1308,923,Test problem for class 923 on Sticker 1308,65,119,2615,2616
1309,488,Test problem for class 488 on Sticker 1309,149,45,2617,2618
1310,619,Test problem for class 619 on Sticker 1310,147,80,2619,2620
1311,683,Test problem for class 683 on Sticker 1311,38,86,2621,2622
1312,375,Test problem for class 375 on Sticker 1312,20,85,2623,2624
1313,663,Test problem for class 663 on Sticker 1313,142,51,2625,2626
1314,151,Test problem for class 151 on Sticker 1314,145,94,2627,2628
1315,258,Test problem for class 258 on Sticker 1315,19,134,2629,2630
1316,891,Test problem for class 891 on Sticker 1316,48,4,2631,2632
1317,57,Test problem for class 57 on Sticker 1317,119,8,2633,2634
1318,165,Test problem for class 165 on Sticker 1318,68,116,2635,2636
1319,800,Test problem for class 800 on Sticker 1319,131,71,2637,2638
1320,542,Test problem for class 542 on Sticker 1320,99,10,2639,2640
1321,654,Test problem for class 654 on Sticker 1321,53,55,2641,2642
1322,567,Test problem for class 567 on Sticker 1322,54,67,2643,2644
1323,77,Test problem for class 77 on Sticker 1323,17,78,2645,2646
1324,861,Test problem for class 861 on Sticker 1324,134,37,2647,2648
1325,664,Test problem for class 664 on Sticker 1325,29,136,2649,2650
1326,382,Test problem for class 382 on Sticker 1326,98,121,2651,2652
1327,280,Test problem for class 280 on Sticker 1327,39,24,2653,2654
1328,662,Test problem for class 662 on Sticker 1328,64,20,2655,2656
1329,764,Test problem for class 764 on Sticker 1329,2,102,2657,2658
1330,697,Test problem for class 697 on Sticker 1330,53,1,2659,2660
1331,643,Test problem for class 643 on Sticker 1331,62,131,2661,2662
1332,476,Test problem for class 476 on Sticker 1332,68,58,2663,2664
1333,892,Test problem for class 892 on Sticker 1333,83,11,2665,2666
1334,771,Test problem for class 771 on Sticker 1334,144,93,2667,2668
1335,464,Test problem for class 464 on Sticker 1335,114,127,2669,2670
1336,656,Test problem for class 656 on Sticker 1336,78,124,2671,2672
1337,58,Test problem for class 58 on Sticker 1337,98,125,2673,2674
1338,830,Test problem for class 830 on Sticker 1338,59,127,2675,2676
1339,243,Test problem for class 243 on Sticker 1339,7,127,2677,2678
1340,248,Test problem for class 248 on Sticker 1340,141,35,2679,2680
1341,737,Test problem for class 737 on Sticker 1341,111,104,2681,2682
1342,867,Test problem for class 867 on Sticker 1342,86,16,2683,2684
1343,927,Test problem for class 927 on Sticker 1343,95,75,2685,2686
1344,288,Test problem for class 288 on Sticker 1344,109,83,2687,2688
1345,409,Test problem for class 409 on Sticker 1345,18,20,2689,2690
1346,421,Test problem for class 421 on Sticker 1346,138,110,2691,2692
1347,715,Test problem for class 715 on Sticker 1347,43,13,2693,2694
1348,307,Test problem for class 307 on Sticker 1348,144,39,2695,2696
1349,301,Test problem for class 301 on Sticker 1349,43,40,2697,2698
1350,590,Test problem for class 590 on Sticker 1350,82,65,2699,2700
1351,507,Test problem for class 507 on Sticker 1351,59,113,2701,2702
1352,631,Test problem for class 631 on Sticker 1352,91,3,2703,2704
1353,11,Test problem for class 11 on Sticker 1353,126,122,2705,2706
1354,661,Test problem for class 661 on Sticker 1354,82,135,2707,2708
1355,327,Test problem for class 327 on Sticker 1355,70,56,2709,2710
1356,143,Test problem for class 143 on Sticker 1356,128,56,2711,2712
1357,844,Test problem for class 844 on Sticker 1357,73,127,2713,2714
1358,352,Test problem for class 352 on Sticker 1358,81,121,2715,2716
1359,677,Test problem for class 677 on Sticker 1359,142,125,2717,2718
1360,453,Test problem for class 453 on Sticker 1360,72,24,2719,2720
1361,82,Test problem for class 82 on Sticker 1361,98,17,2721,2722
1362,76,Test problem for class 76 on Sticker 1362,4,46,2723,2724
1363,772,Test problem for class 772 on Sticker 1363,36,150,2725,2726
1364,491,Test problem for class 491 on Sticker 1364,150,103,2727,2728
1365,162,Test problem for class 162 on Sticker 1365,111,20,2729,2730
1366,382,Test problem for class 382 on Sticker 1366,95,13,2731,2732
1367,632,Test problem for class 632 on Sticker 1367,104,85,2733,2734
1368,237,Test problem for class 237 on Sticker 1368,57,127,2735,2736
1369,331,Test problem for class 331 on Sticker 1369,35,99,2737,2738
1370,459,Test problem for class 459 on Sticker 1370,142,138,2739,2740
1371,456,Test problem for class 456 on Sticker 1371,119,147,2741,2742
1372,326,Test problem for class 326 on Sticker 1372,79,31,2743,2744
1373,422,Test problem for class 422 on Sticker 1373,141,133,2745,2746
1374,126,Test problem for class 126 on Sticker 1374,102,138,2747,2748
1375,140,Test problem for class 140 on Sticker 1375,23,56,2749,2750
1376,882,Test problem for class 882 on Sticker 1376,13,7,2751,2752
1377,433,Test problem for class 433 on Sticker 1377,107,119,2753,2754
1378,826,Test problem for class 826 on Sticker 1378,108,50,2755,2756
1379,683,Test problem for class 683 on Sticker 1379,26,4,2757,2758
1380,387,Test problem for class 387 on Sticker 1380,52,24,2759,2760
1381,764,Test problem for class 764 on Sticker 1381,5,65,2761,2762
1382,316,Test problem for class 316 on Sticker 1382,64,97,2763,2764
1383,249,Test problem for class 249 on Sticker 1383,72,133,2765,2766
1384,693,Test problem for class 693 on Sticker 1384,23,145,2767,2768
1385,389,Test problem for class 389 on Sticker 1385,52,91,2769,2770
1386,912,Test problem for class 912 on Sticker 1386,20,70,2771,2772
1387,563,Test problem for class 563 on Sticker 1387,139,146,2773,2774
1388,405,Test problem for class 405 on Sticker 1388,42,36,2775,2776
1389,432,Test problem for class 432 on Sticker 1389,12,50,2777,2778
1390,239,Test problem for class 239 on Sticker 1390,44,132,2779,2780
1391,247,Test problem for class 247 on Sticker 1391,57,123,2781,2782
1392,445,Test problem for class 445 on Sticker 1392,64,3,2783,2784
1393,197,Test problem for class 197 on Sticker 1393,144,105,2785,2786
1394,320,Test problem for class 320 on Sticker 1394,76,3,2787,2788
1395,433,Test problem for class 433 on Sticker 1395,138,59,2789,2790
1396,318,Test problem for class 318 on Sticker 1396,3,18,2791,2792
1397,642,Test problem for class 642 on Sticker 1397,38,76,2793,2794
1398,210,Test problem for class 210 on Sticker 1398,16,4,2795,2796
1399,9,Test problem for class 9 on Sticker 1399,39,103,2797,2798
1400,472,Test problem for class 472 on Sticker 1400,57,20,2799,2800
1401,702,Test problem for class 702 on Sticker 1401,41,90,2801,2802
1402,325,Test problem for class 325 on Sticker 1402,149,46,2803,2804
1403,431,Test problem for class 431 on Sticker 1403,47,63,2805,2806
1404,899,Test problem for class 899 on Sticker 1404,69,62,2807,2808
1405,222,Test problem for class 222 on Sticker 1405,73,29,2809,2810
1406,191,Test problem for class 191 on Sticker 1406,35,28,2811,2812
1407,898,Test problem for class 898 on Sticker 1407,133,128,2813,2814
1408,387,Test problem for class 387 on Sticker 1408,98,8,2815,2816
1409,219,Test problem for class 219 on Sticker 1409,121,110,2817,2818
1410,655,Test problem for class 655 on Sticker 1410,127,133,2819,2820
1411,48,Test problem for class 48 on Sticker 1411,145,73,2821,2822
1412,251,Test problem for class 251 on Sticker 1412,13,105,2823,2824
1413,109,Test problem for class 109 on Sticker 1413,121,60,2825,2826
1414,541,Test problem for class 541 on Sticker 1414,69,43,2827,2828
1415,291,Test problem for class 291 on Sticker 1415,62,47,2829,2830
1416,408,Test problem for class 408 on Sticker 1416,114,9,2831,2832
1417,339,Test problem for class 339 on Sticker 1417,52,100,2833,2834
1418,930,Test problem for class 930 on Sticker 1418,61,88,2835,2836
1419,308,Test problem for class 308 on Sticker 1419,144,14,2837,2838
1420,400,Test problem for class 400 on Sticker 1420,61,89,2839,2840
1421,230,Test problem for class 230 on Sticker 1421,84,13,2841,2842
1422,599,Test problem for class 599 on Sticker 1422,98,5,2843,2844
1423,480,Test problem for class 480 on Sticker 1423,5,109,2845,2846
1424,719,Test problem for class 719 on Sticker 1424,22,22,2847,2848
1425,167,Test problem for class 167 on Sticker 1425,132,58,2849,2850
1426,334,Test problem for class 334 on Sticker 1426,48,30,2851,2852
1427,34,Test problem for class 34 on Sticker 1427,25,99,2853,2854
1428,752,Test problem for class 752 on Sticker 1428,39,62,2855,2856
1429,321,Test problem for class 321 on Sticker 1429,56,11,2857,2858
1430,279,Test problem for class 279 on Sticker 1430,35,141,2859,2860
1431,269,Test problem for class 269 on Sticker 1431,39,84,2861,2862
1432,348,Test problem for class 348 on Sticker 1432,27,3,2863,2864
1433,304,Test problem for class 304 on Sticker 1433,69,99,2865,2866
1434,329,Test problem for class 329 on Sticker 1434,57,14,2867,2868
1435,477,Test problem for class 477 on Sticker 1435,110,34,2869,2870
1436,755,Test problem for class 755 on Sticker 1436,121,42,2871,2872
1437,118,Test problem for class 118 on Sticker 1437,58,107,2873,2874
1438,727,Test problem for class 727 on Sticker 1438,91,150,2875,2876
1439,589,Test problem for class 589 on Sticker 1439,37,16,2877,2878
1440,831,Test problem for class 831 on Sticker 1440,107,135,2879,2880
1441,863,Test problem for class 863 on Sticker 1441,21,50,2881,2882
1442,523,Test problem for class 523 on Sticker 1442,5,149,2883,2884
1443,534,Test problem for class 534 on Sticker 1443,135,25,2885,2886
1444,882,Test problem for class 882 on Sticker 1444,112,91,2887,2888
1445,699,Test problem for class 699 on Sticker 1445,57,94,2889,2890
1446,251,Test problem for class 251 on Sticker 1446,94,44,2891,2892
1447,93,Test problem for class 93 on Sticker 1447,136,139,2893,2894
1448,921,Test problem for class 921 on Sticker 1448,8,6,2895,2896
1449,697,Test problem for class 697 on Sticker 1449,93,110,2897,2898
1450,683,Test problem for class 683 on Sticker 1450,12,65,2899,2900
1451,136,Test problem for class 136 on Sticker 1451,17,116,2901,2902
1452,510,Test problem for class 510 on Sticker 1452,78,136,2903,2904
1453,871,Test problem for class 871 on Sticker 1453,112,84,2905,2906
1454,625,Test problem for class 625 on Sticker 1454,147,27,2907,2908
1455,836,Test problem for class 836 on Sticker 1455,107,52,2909,2910
1456,126,Test problem for class 126 on Sticker 1456,98,78,2911,2912
1457,180,Test problem for class 180 on Sticker 1457,30,31,2913,2914
1458,925,Test problem for class 925 on Sticker 1458,21,84,2915,2916
1459,441,Test problem for class 441 on Sticker 1459,22,83,2917,2918
1460,4,Test problem for class 4 on Sticker 1460,9,145,2919,2920
1461,707,Test problem for class 707 on Sticker 1461,135,72,2921,2922
1462,407,Test problem for class 407 on Sticker 1462,115,19,2923,2924
1463,837,Test problem for class 837 on Sticker 1463,150,14,2925,2926
1464,688,Test problem for class 688 on Sticker 1464,82,48,2927,2928
1465,500,Test problem for class 500 on Sticker 1465,63,47,2929,2930
1466,703,Test problem for class 703 on Sticker 1466,25,93,2931,2932
1467,71,Test problem for class 71 on Sticker 1467,103,100,2933,2934
1468,275,Test problem for class 275 on Sticker 1468,108,148,2935,2936
1469,210,Test problem for class 210 on Sticker 1469,2,64,2937,2938
1470,443,Test problem for class 443 on Sticker 1470,9,78,2939,2940
1471,432,Test problem for class 432 on Sticker 1471,112,84,2941,2942
1472,317,Test problem for class 317 on Sticker 1472,89,105,2943,2944
1473,255,Test problem for class 255 on Sticker 1473,23,6,2945,2946
1474,200,Test problem for class 200 on Sticker 1474,51,32,2947,2948
1475,17,Test problem for class 17 on Sticker 1475,84,56,2949,2950
1476,494,Test problem for class 494 on Sticker 1476,150,63,2951,2952
1477,652,Test problem for class 652 on Sticker 1477,97,35,2953,2954
1478,308,Test problem for class 308 on Sticker 1478,19,12,2955,2956
1479,657,Test problem for class 657 on Sticker 1479,4,25,2957,2958
1480,70,Test problem for class 70 on Sticker 1480,146,78,2959,2960
1481,131,Test problem for class 131 on Sticker 1481,127,28,2961,2962
1482,847,Test problem for class 847 on Sticker 1482,57,12,2963,2964
1483,320,Test problem for class 320 on Sticker 1483,26,28,2965,2966
1484,586,Test problem for class 586 on Sticker 1484,139,115,2967,2968
1485,85,Test problem for class 85 on Sticker 1485,39,111,2969,2970
1486,926,Test problem for class 926 on Sticker 1486,60,146,2971,2972
1487,522,Test problem for class 522 on Sticker 1487,73,66,2973,2974
1488,799,Test problem for class 799 on Sticker 1488,70,134,2975,2976
1489,891,Test problem for class 891 on Sticker 1489,8,80,2977,2978
1490,496,Test problem for class 496 on Sticker 1490,127,40,2979,2980
1491,144,Test problem for class 144 on Sticker 1491,31,57,2981,2982
1492,823,Test problem for class 823 on Sticker 1492,17,32,2983,2984
1493,480,Test problem for class 480 on Sticker 1493,61,37,2985,2986
1494,804,Test problem for class 804 on Sticker 1494,111,111,2987,2988
1495,154,Test problem for class 154 on Sticker 1495,5,44,2989,2990
1496,41,Test problem for class 41 on Sticker 1496,109,21,2991,2992
1497,142,Test problem for class 142 on Sticker 1497,20,63,2993,2994
1498,330,Test problem for class 330 on Sticker 1498,16,5,2995,2996
1499,697,Test problem for class 697 on Sticker 1499,38,134,2997,2998
1500,512,Test problem for class 512 on Sticker 1500,121,144,2999,3000
1501,742,Test problem for class 742 on Sticker 1501,16,22,3001,3002
