1,1,45,1.5,Test Review Number 1 for the help requesting student 45 on sticker 1
2,1,116,5,Test Review Number 2 for the Mentor 116 on sticker 1
3,2,7,2.5,Test Review Number 3 for the help requesting student 7 on sticker 2
4,2,117,4,Test Review Number 4 for the Mentor 117 on sticker 2
5,3,21,1.5,Test Review Number 5 for the help requesting student 21 on sticker 3
6,3,114,1.5,Test Review Number 6 for the Mentor 114 on sticker 3
7,4,15,1.5,Test Review Number 7 for the help requesting student 15 on sticker 4
8,4,7,1,Test Review Number 8 for the Mentor 7 on sticker 4
9,5,105,3,Test Review Number 9 for the help requesting student 105 on sticker 5
10,5,60,4.5,Test Review Number 10 for the Mentor 60 on sticker 5
11,6,106,2.5,Test Review Number 11 for the help requesting student 106 on sticker 6
12,6,100,3,Test Review Number 12 for the Mentor 100 on sticker 6
13,7,31,2.5,Test Review Number 13 for the help requesting student 31 on sticker 7
14,7,110,1,Test Review Number 14 for the Mentor 110 on sticker 7
15,8,107,4,Test Review Number 15 for the help requesting student 107 on sticker 8
16,8,130,2.5,Test Review Number 16 for the Mentor 130 on sticker 8
17,9,55,0.5,Test Review Number 17 for the help requesting student 55 on sticker 9
18,9,30,4.5,Test Review Number 18 for the Mentor 30 on sticker 9
19,10,13,4,Test Review Number 19 for the help requesting student 13 on sticker 10
20,10,18,1,Test Review Number 20 for the Mentor 18 on sticker 10
21,11,13,2.5,Test Review Number 21 for the help requesting student 13 on sticker 11
22,11,29,2,Test Review Number 22 for the Mentor 29 on sticker 11
23,12,149,1,Test Review Number 23 for the help requesting student 149 on sticker 12
24,12,87,2,Test Review Number 24 for the Mentor 87 on sticker 12
25,13,107,1,Test Review Number 25 for the help requesting student 107 on sticker 13
26,13,138,4.5,Test Review Number 26 for the Mentor 138 on sticker 13
27,14,53,4,Test Review Number 27 for the help requesting student 53 on sticker 14
28,14,33,4,Test Review Number 28 for the Mentor 33 on sticker 14
29,15,144,0.5,Test Review Number 29 for the help requesting student 144 on sticker 15
30,15,124,2.5,Test Review Number 30 for the Mentor 124 on sticker 15
31,16,26,3,Test Review Number 31 for the help requesting student 26 on sticker 16
32,16,6,3,Test Review Number 32 for the Mentor 6 on sticker 16
33,17,4,4,Test Review Number 33 for the help requesting student 4 on sticker 17
34,17,53,3.5,Test Review Number 34 for the Mentor 53 on sticker 17
35,18,101,1,Test Review Number 35 for the help requesting student 101 on sticker 18
36,18,7,4.5,Test Review Number 36 for the Mentor 7 on sticker 18
37,19,133,3.5,Test Review Number 37 for the help requesting student 133 on sticker 19
38,19,42,3.5,Test Review Number 38 for the Mentor 42 on sticker 19
39,20,30,4,Test Review Number 39 for the help requesting student 30 on sticker 20
40,20,57,1.5,Test Review Number 40 for the Mentor 57 on sticker 20
41,21,1,1,Test Review Number 41 for the help requesting student 1 on sticker 21
42,21,86,3.5,Test Review Number 42 for the Mentor 86 on sticker 21
43,22,113,4.5,Test Review Number 43 for the help requesting student 113 on sticker 22
44,22,23,2.5,Test Review Number 44 for the Mentor 23 on sticker 22
45,23,57,4,Test Review Number 45 for the help requesting student 57 on sticker 23
46,23,111,3,Test Review Number 46 for the Mentor 111 on sticker 23
47,24,1,3.5,Test Review Number 47 for the help requesting student 1 on sticker 24
48,24,20,2.5,Test Review Number 48 for the Mentor 20 on sticker 24
49,25,128,1.5,Test Review Number 49 for the help requesting student 128 on sticker 25
50,25,86,3,Test Review Number 50 for the Mentor 86 on sticker 25
51,26,148,5,Test Review Number 51 for the help requesting student 148 on sticker 26
52,26,114,3,Test Review Number 52 for the Mentor 114 on sticker 26
53,27,2,4.5,Test Review Number 53 for the help requesting student 2 on sticker 27
54,27,2,1,Test Review Number 54 for the Mentor 2 on sticker 27
55,28,125,2.5,Test Review Number 55 for the help requesting student 125 on sticker 28
56,28,61,3,Test Review Number 56 for the Mentor 61 on sticker 28
57,29,43,2,Test Review Number 57 for the help requesting student 43 on sticker 29
58,29,92,1.5,Test Review Number 58 for the Mentor 92 on sticker 29
59,30,91,0.5,Test Review Number 59 for the help requesting student 91 on sticker 30
60,30,86,5,Test Review Number 60 for the Mentor 86 on sticker 30
61,31,117,4,Test Review Number 61 for the help requesting student 117 on sticker 31
62,31,36,1,Test Review Number 62 for the Mentor 36 on sticker 31
63,32,26,1,Test Review Number 63 for the help requesting student 26 on sticker 32
64,32,131,4,Test Review Number 64 for the Mentor 131 on sticker 32
65,33,83,0.5,Test Review Number 65 for the help requesting student 83 on sticker 33
66,33,129,3.5,Test Review Number 66 for the Mentor 129 on sticker 33
67,34,105,2,Test Review Number 67 for the help requesting student 105 on sticker 34
68,34,49,1,Test Review Number 68 for the Mentor 49 on sticker 34
69,35,56,2.5,Test Review Number 69 for the help requesting student 56 on sticker 35
70,35,108,3.5,Test Review Number 70 for the Mentor 108 on sticker 35
71,36,135,1,Test Review Number 71 for the help requesting student 135 on sticker 36
72,36,15,2,Test Review Number 72 for the Mentor 15 on sticker 36
73,37,34,5,Test Review Number 73 for the help requesting student 34 on sticker 37
74,37,110,2.5,Test Review Number 74 for the Mentor 110 on sticker 37
75,38,142,0.5,Test Review Number 75 for the help requesting student 142 on sticker 38
76,38,74,2,Test Review Number 76 for the Mentor 74 on sticker 38
77,39,33,5,Test Review Number 77 for the help requesting student 33 on sticker 39
78,39,145,4.5,Test Review Number 78 for the Mentor 145 on sticker 39
79,40,35,0.5,Test Review Number 79 for the help requesting student 35 on sticker 40
80,40,95,0.5,Test Review Number 80 for the Mentor 95 on sticker 40
81,41,81,5,Test Review Number 81 for the help requesting student 81 on sticker 41
82,41,76,0.5,Test Review Number 82 for the Mentor 76 on sticker 41
83,42,124,2.5,Test Review Number 83 for the help requesting student 124 on sticker 42
84,42,35,1.5,Test Review Number 84 for the Mentor 35 on sticker 42
85,43,34,5,Test Review Number 85 for the help requesting student 34 on sticker 43
86,43,34,5,Test Review Number 86 for the Mentor 34 on sticker 43
87,44,108,5,Test Review Number 87 for the help requesting student 108 on sticker 44
88,44,8,0.5,Test Review Number 88 for the Mentor 8 on sticker 44
89,45,11,4.5,Test Review Number 89 for the help requesting student 11 on sticker 45
90,45,2,4,Test Review Number 90 for the Mentor 2 on sticker 45
91,46,125,5,Test Review Number 91 for the help requesting student 125 on sticker 46
92,46,27,1,Test Review Number 92 for the Mentor 27 on sticker 46
93,47,60,3,Test Review Number 93 for the help requesting student 60 on sticker 47
94,47,128,3,Test Review Number 94 for the Mentor 128 on sticker 47
95,48,138,3,Test Review Number 95 for the help requesting student 138 on sticker 48
96,48,150,0.5,Test Review Number 96 for the Mentor 150 on sticker 48
97,49,77,2.5,Test Review Number 97 for the help requesting student 77 on sticker 49
98,49,36,1.5,Test Review Number 98 for the Mentor 36 on sticker 49
99,50,117,0.5,Test Review Number 99 for the help requesting student 117 on sticker 50
100,50,70,0.5,Test Review Number 100 for the Mentor 70 on sticker 50
101,51,91,1,Test Review Number 101 for the help requesting student 91 on sticker 51
102,51,18,4,Test Review Number 102 for the Mentor 18 on sticker 51
103,52,132,1.5,Test Review Number 103 for the help requesting student 132 on sticker 52
104,52,13,1,Test Review Number 104 for the Mentor 13 on sticker 52
105,53,23,3,Test Review Number 105 for the help requesting student 23 on sticker 53
106,53,26,3,Test Review Number 106 for the Mentor 26 on sticker 53
107,54,60,2,Test Review Number 107 for the help requesting student 60 on sticker 54
108,54,147,4.5,Test Review Number 108 for the Mentor 147 on sticker 54
109,55,48,4.5,Test Review Number 109 for the help requesting student 48 on sticker 55
110,55,85,2,Test Review Number 110 for the Mentor 85 on sticker 55
111,56,120,4.5,Test Review Number 111 for the help requesting student 120 on sticker 56
112,56,57,4,Test Review Number 112 for the Mentor 57 on sticker 56
113,57,51,3,Test Review Number 113 for the help requesting student 51 on sticker 57
114,57,24,2,Test Review Number 114 for the Mentor 24 on sticker 57
115,58,107,3.5,Test Review Number 115 for the help requesting student 107 on sticker 58
116,58,58,0.5,Test Review Number 116 for the Mentor 58 on sticker 58
117,59,20,2,Test Review Number 117 for the help requesting student 20 on sticker 59
118,59,40,3,Test Review Number 118 for the Mentor 40 on sticker 59
119,60,83,5,Test Review Number 119 for the help requesting student 83 on sticker 60
120,60,108,2,Test Review Number 120 for the Mentor 108 on sticker 60
121,61,59,4,Test Review Number 121 for the help requesting student 59 on sticker 61
122,61,85,4.5,Test Review Number 122 for the Mentor 85 on sticker 61
123,62,80,1.5,Test Review Number 123 for the help requesting student 80 on sticker 62
124,62,67,1,Test Review Number 124 for the Mentor 67 on sticker 62
125,63,129,4,Test Review Number 125 for the help requesting student 129 on sticker 63
126,63,14,4,Test Review Number 126 for the Mentor 14 on sticker 63
127,64,31,2.5,Test Review Number 127 for the help requesting student 31 on sticker 64
128,64,39,3.5,Test Review Number 128 for the Mentor 39 on sticker 64
129,65,26,4,Test Review Number 129 for the help requesting student 26 on sticker 65
130,65,31,4,Test Review Number 130 for the Mentor 31 on sticker 65
131,66,71,4,Test Review Number 131 for the help requesting student 71 on sticker 66
132,66,6,4,Test Review Number 132 for the Mentor 6 on sticker 66
133,67,131,0.5,Test Review Number 133 for the help requesting student 131 on sticker 67
134,67,135,2.5,Test Review Number 134 for the Mentor 135 on sticker 67
135,68,141,0.5,Test Review Number 135 for the help requesting student 141 on sticker 68
136,68,145,1.5,Test Review Number 136 for the Mentor 145 on sticker 68
137,69,42,3,Test Review Number 137 for the help requesting student 42 on sticker 69
138,69,121,0.5,Test Review Number 138 for the Mentor 121 on sticker 69
139,70,57,2,Test Review Number 139 for the help requesting student 57 on sticker 70
140,70,105,3.5,Test Review Number 140 for the Mentor 105 on sticker 70
141,71,69,1.5,Test Review Number 141 for the help requesting student 69 on sticker 71
142,71,112,5,Test Review Number 142 for the Mentor 112 on sticker 71
143,72,43,1,Test Review Number 143 for the help requesting student 43 on sticker 72
144,72,14,1,Test Review Number 144 for the Mentor 14 on sticker 72
145,73,116,4,Test Review Number 145 for the help requesting student 116 on sticker 73
146,73,118,4,Test Review Number 146 for the Mentor 118 on sticker 73
147,74,3,2.5,Test Review Number 147 for the help requesting student 3 on sticker 74
148,74,131,1.5,Test Review Number 148 for the Mentor 131 on sticker 74
149,75,104,5,Test Review Number 149 for the help requesting student 104 on sticker 75
150,75,56,3,Test Review Number 150 for the Mentor 56 on sticker 75
151,76,42,1.5,Test Review Number 151 for the help requesting student 42 on sticker 76
152,76,39,5,Test Review Number 152 for the Mentor 39 on sticker 76
153,77,59,1.5,Test Review Number 153 for the help requesting student 59 on sticker 77
154,77,143,5,Test Review Number 154 for the Mentor 143 on sticker 77
155,78,56,5,Test Review Number 155 for the help requesting student 56 on sticker 78
156,78,26,1.5,Test Review Number 156 for the Mentor 26 on sticker 78
157,79,71,5,Test Review Number 157 for the help requesting student 71 on sticker 79
158,79,90,1,Test Review Number 158 for the Mentor 90 on sticker 79
159,80,101,1.5,Test Review Number 159 for the help requesting student 101 on sticker 80
160,80,35,5,Test Review Number 160 for the Mentor 35 on sticker 80
161,81,30,4,Test Review Number 161 for the help requesting student 30 on sticker 81
162,81,114,5,Test Review Number 162 for the Mentor 114 on sticker 81
163,82,3,4.5,Test Review Number 163 for the help requesting student 3 on sticker 82
164,82,129,5,Test Review Number 164 for the Mentor 129 on sticker 82
165,83,143,4.5,Test Review Number 165 for the help requesting student 143 on sticker 83
166,83,10,4.5,Test Review Number 166 for the Mentor 10 on sticker 83
167,84,64,0.5,Test Review Number 167 for the help requesting student 64 on sticker 84
168,84,65,3.5,Test Review Number 168 for the Mentor 65 on sticker 84
169,85,43,3.5,Test Review Number 169 for the help requesting student 43 on sticker 85
170,85,18,2.5,Test Review Number 170 for the Mentor 18 on sticker 85
171,86,84,3.5,Test Review Number 171 for the help requesting student 84 on sticker 86
172,86,69,5,Test Review Number 172 for the Mentor 69 on sticker 86
173,87,141,2,Test Review Number 173 for the help requesting student 141 on sticker 87
174,87,65,2,Test Review Number 174 for the Mentor 65 on sticker 87
175,88,76,1.5,Test Review Number 175 for the help requesting student 76 on sticker 88
176,88,82,1,Test Review Number 176 for the Mentor 82 on sticker 88
177,89,137,2,Test Review Number 177 for the help requesting student 137 on sticker 89
178,89,128,4.5,Test Review Number 178 for the Mentor 128 on sticker 89
179,90,43,3.5,Test Review Number 179 for the help requesting student 43 on sticker 90
180,90,86,5,Test Review Number 180 for the Mentor 86 on sticker 90
181,91,144,3.5,Test Review Number 181 for the help requesting student 144 on sticker 91
182,91,80,0.5,Test Review Number 182 for the Mentor 80 on sticker 91
183,92,23,2,Test Review Number 183 for the help requesting student 23 on sticker 92
184,92,2,3,Test Review Number 184 for the Mentor 2 on sticker 92
185,93,1,1,Test Review Number 185 for the help requesting student 1 on sticker 93
186,93,17,3,Test Review Number 186 for the Mentor 17 on sticker 93
187,94,88,5,Test Review Number 187 for the help requesting student 88 on sticker 94
188,94,22,1,Test Review Number 188 for the Mentor 22 on sticker 94
189,95,56,5,Test Review Number 189 for the help requesting student 56 on sticker 95
190,95,99,4,Test Review Number 190 for the Mentor 99 on sticker 95
191,96,86,4,Test Review Number 191 for the help requesting student 86 on sticker 96
192,96,3,3.5,Test Review Number 192 for the Mentor 3 on sticker 96
193,97,130,1,Test Review Number 193 for the help requesting student 130 on sticker 97
194,97,64,1.5,Test Review Number 194 for the Mentor 64 on sticker 97
195,98,34,5,Test Review Number 195 for the help requesting student 34 on sticker 98
196,98,48,5,Test Review Number 196 for the Mentor 48 on sticker 98
197,99,103,2.5,Test Review Number 197 for the help requesting student 103 on sticker 99
198,99,107,1,Test Review Number 198 for the Mentor 107 on sticker 99
199,100,121,5,Test Review Number 199 for the help requesting student 121 on sticker 100
200,100,125,1.5,Test Review Number 200 for the Mentor 125 on sticker 100
201,101,148,2,Test Review Number 201 for the help requesting student 148 on sticker 101
202,101,55,1,Test Review Number 202 for the Mentor 55 on sticker 101
